tissue,go_id,source_member,label_column,compared_rows,mismatch_rows,agreement,f1,true_positives,false_positives,false_negatives
blood,GO:0045765,blood_GO:0045765.lab,0,3305,2012,0.39122541603630867,0.10258697591436218,115,10,2002
brain,GO:0022029,brain_GO:0022029.lab,1,3460,768,0.7780346820809249,0.010309278350515464,4,18,750
artery,GO:0048844,artery_GO:0048844.lab,2,1822,345,0.8106476399560922,0.011461318051575931,2,20,325
brain,GO:0030901,brain_GO:0030901.lab,3,3460,804,0.7676300578034683,0.012285012285012284,5,10,794
blood_plasma,GO:0034369,blood_plasma_GO:0034369.lab,4,2385,275,0.8846960167714885,0.04844290657439446,7,9,266
eye,GO:0002088,eye_GO:0002088.lab,5,2319,418,0.8197498921949116,0.014150943396226415,3,12,406
blood_plasma,GO:0034369,blood_plasma_GO:0034369.lab,6,2385,563,0.7639412997903564,0.014010507880910683,4,12,551
brain,GO:0022029,brain_GO:0022029.lab,7,3460,1149,0.6679190751445087,0.012037833190025795,7,15,1134
adipose_tissue,GO:0045444,adipose_tissue_GO:0045444.lab,8,1537,212,0.8620689655172413,0.061946902654867256,7,24,188
adipose_tissue,GO:0045599,adipose_tissue_GO:0045599.lab,9,1537,479,0.6883539362394275,0.03232323232323232,8,11,468
brain,GO:0030901,brain_GO:0030901.lab,10,3460,684,0.8023121387283236,0.011560693641618497,4,11,673
heart,GO:0003179,heart_GO:0003179.lab,11,3182,679,0.7866121935889377,0.039603960396039604,14,5,674
blood,GO:0045765,blood_GO:0045765.lab,12,3305,2243,0.3213313161875946,0.08261758691206544,101,24,2219
blood,GO:0045765,blood_GO:0045765.lab,13,3305,566,0.8287443267776097,0.2591623036649215,99,26,540
liver,GO:0001889,liver_GO:0001889.lab,14,3146,540,0.8283534647171011,0.07849829351535836,23,24,516
brain,GO:0021885,brain_GO:0021885.lab,15,3460,1187,0.6569364161849711,0.018196856906534328,11,13,1174
eye,GO:0002088,eye_GO:0002088.lab,16,2319,216,0.906856403622251,0.0,0,15,201
blood_plasma,GO:0071827,blood_plasma_GO:0071827.lab,17,2385,339,0.8578616352201258,0.07629427792915532,14,5,334
brain,GO:0022029,brain_GO:0022029.lab,18,3460,877,0.7465317919075145,0.013498312710911136,6,16,861
eye,GO:0048592,eye_GO:0048592.lab,19,2319,941,0.5942216472617508,0.02284527518172378,11,13,928
brain,GO:0030901,brain_GO:0030901.lab,20,3460,621,0.8205202312138729,0.009569377990430622,3,12,609
blood,GO:0045637,blood_GO:0045637.lab,21,3305,1928,0.4166414523449319,0.10242085661080075,110,9,1919
liver,GO:0001889,liver_GO:0001889.lab,22,3146,663,0.7892561983471075,0.07012622720897616,25,22,641
adipose_tissue,GO:0045599,adipose_tissue_GO:0045599.lab,23,1537,473,0.6922576447625244,0.032719836400818,8,11,462
brain,GO:0022029,brain_GO:0022029.lab,24,3460,541,0.8436416184971098,0.014571948998178506,4,18,523
brain,GO:0007420,brain_GO:0007420.lab,25,3460,2016,0.4173410404624277,0.05352112676056338,57,26,1990
brain,GO:0007420,brain_GO:0007420.lab,26,3460,2144,0.38034682080924853,0.05132743362831858,58,25,2119
brain,GO:0030901,brain_GO:0030901.lab,27,3460,1064,0.692485549132948,0.014814814814814815,8,7,1057
blood,GO:0030099,blood_GO:0030099.lab,28,3305,2206,0.3325264750378215,0.07388748950461797,88,14,2192
heart,GO:0003151,heart_GO:0003151.lab,29,3182,518,0.8372093023255813,0.06498194945848375,18,8,510
blood,GO:0045765,blood_GO:0045765.lab,30,3305,2105,0.3630862329803328,0.10004275331338179,117,8,2097
bone,GO:0030500,bone_GO:0030500.lab,31,1817,262,0.8558062740781508,0.015037593984962405,2,17,245
blood,GO:0045765,blood_GO:0045765.lab,32,3305,2796,0.15400907715582446,0.07905138339920949,120,5,2791
brain,GO:0022029,brain_GO:0022029.lab,33,3460,519,0.85,0.022598870056497175,6,16,503
heart,GO:0003179,heart_GO:0003179.lab,34,3182,632,0.8013827781269642,0.03951367781155015,13,6,626
adipose_tissue,GO:0045599,adipose_tissue_GO:0045599.lab,35,1537,468,0.6955107351984385,0.03305785123966942,8,11,457
brain,GO:0022029,brain_GO:0022029.lab,36,3460,631,0.8176300578034682,0.030721966205837174,10,12,619
brain,GO:0030901,brain_GO:0030901.lab,37,3460,681,0.8031791907514451,0.011611030478955007,4,11,670
heart,GO:0007507,heart_GO:0007507.lab,38,3182,1222,0.6159648020113137,0.08941877794336811,60,31,1191
brain,GO:0030901,brain_GO:0030901.lab,39,3460,677,0.804335260115607,0.01167883211678832,4,11,666
blood_plasma,GO:0034369,blood_plasma_GO:0034369.lab,40,2385,311,0.869601677148847,0.03115264797507788,5,11,300
blood,GO:0030099,blood_GO:0030099.lab,41,3305,597,0.8193645990922844,0.20080321285140562,75,27,570
kidney,GO:0072215,kidney_GO:0072215.lab,42,3277,615,0.8123283490997864,0.031496062992125984,10,8,607
heart,GO:0008016,heart_GO:0008016.lab,43,3182,590,0.8145820238843495,0.17827298050139276,64,27,563
brain,GO:0022029,brain_GO:0022029.lab,44,3460,454,0.86878612716763,0.029914529914529916,7,15,439
liver,GO:0001889,liver_GO:0001889.lab,45,3146,808,0.7431659249841068,0.06264501160092807,27,20,788
brain,GO:0030901,brain_GO:0030901.lab,46,3460,1273,0.6320809248554913,0.00779423226812159,5,10,1263
eye,GO:0002088,eye_GO:0002088.lab,47,2319,872,0.6239758516601983,0.011337868480725623,5,10,862
brain,GO:0022029,brain_GO:0022029.lab,48,3460,770,0.7774566473988439,0.010282776349614395,4,18,752
heart,GO:0003179,heart_GO:0003179.lab,49,3182,671,0.7891263356379635,0.042796005706134094,15,4,667
brain,GO:0021885,brain_GO:0021885.lab,50,3460,1140,0.6705202312138728,0.015544041450777202,9,15,1125
brain,GO:0021885,brain_GO:0021885.lab,51,3460,924,0.7329479768786127,0.02736842105263158,13,11,913
liver,GO:0001889,liver_GO:0001889.lab,52,3146,1256,0.6007628734901462,0.05279034690799397,35,12,1244
liver,GO:0001889,liver_GO:0001889.lab,53,3146,1219,0.6125238397965671,0.051361867704280154,33,14,1205
heart,GO:0003179,heart_GO:0003179.lab,54,3182,720,0.7737272155876807,0.0374331550802139,14,5,715
blood,GO:0045639,blood_GO:0045639.lab,55,3305,789,0.7612708018154312,0.09414466130884042,41,13,776
blood,GO:0045765,blood_GO:0045765.lab,56,3305,460,0.8608169440242057,0.3009118541033435,99,26,434
heart,GO:0003179,heart_GO:0003179.lab,57,3182,481,0.8488372093023255,0.047524752475247525,12,7,474
eye,GO:0002088,eye_GO:0002088.lab,58,2319,350,0.8490728762397586,0.0223463687150838,4,11,339
liver,GO:0001889,liver_GO:0001889.lab,59,3146,662,0.789574062301335,0.0702247191011236,25,22,640
heart,GO:0055024,heart_GO:0055024.lab,60,3182,1340,0.5788812067881836,0.04964539007092199,35,3,1337
heart,GO:0061337,heart_GO:0061337.lab,61,3182,500,0.8428661219358894,0.04580152671755725,12,9,491
heart,GO:0002027,heart_GO:0002027.lab,62,3182,564,0.8227529855436833,0.09615384615384616,30,11,553
brain,GO:0030901,brain_GO:0030901.lab,63,3460,677,0.804335260115607,0.01167883211678832,4,11,666
brain,GO:0022029,brain_GO:0022029.lab,64,3460,644,0.8138728323699422,0.01529051987767584,5,17,627
bone,GO:0030500,bone_GO:0030500.lab,65,1817,225,0.876169510181618,0.017467248908296942,2,17,208
blood,GO:0030099,blood_GO:0030099.lab,66,3305,1562,0.5273827534039335,0.09291521486643438,80,22,1540
bone,GO:0045778,bone_GO:0045778.lab,67,1817,564,0.689598238855256,0.03754266211604096,11,14,550
brain,GO:0021885,brain_GO:0021885.lab,68,3460,1539,0.5552023121387284,0.017868538608806637,14,10,1529
adipose_tissue,GO:0045599,adipose_tissue_GO:0045599.lab,69,1537,411,0.7325959661678595,0.028368794326241134,6,13,398
brain,GO:0022029,brain_GO:0022029.lab,70,3460,770,0.7774566473988439,0.010282776349614395,4,18,752
brain,GO:0022029,brain_GO:0022029.lab,71,3460,541,0.8436416184971098,0.014571948998178506,4,18,523
heart,GO:0003151,heart_GO:0003151.lab,72,3182,484,0.847894406033941,0.06923076923076923,18,8,476
liver,GO:0001889,liver_GO:0001889.lab,73,3146,855,0.72822631913541,0.0594059405940594,27,20,835
liver,GO:0001889,liver_GO:0001889.lab,74,3146,558,0.8226319135410045,0.076158940397351,23,24,534
heart,GO:0061337,heart_GO:0061337.lab,75,3182,605,0.8098680075424262,0.044233807266982623,14,7,598
artery,GO:0048844,artery_GO:0048844.lab,76,1822,559,0.6931942919868277,0.03454231433506045,10,12,547
adipose_tissue,GO:0045599,adipose_tissue_GO:0045599.lab,77,1537,187,0.878334417696812,0.06030150753768844,6,13,174
liver,GO:0001889,liver_GO:0001889.lab,78,3146,774,0.7539732994278449,0.06295399515738499,26,21,753
liver,GO:0001889,liver_GO:0001889.lab,79,3146,668,0.7876668785759695,0.06963788300835655,25,22,646
brain,GO:0030901,brain_GO:0030901.lab,80,3460,692,0.8,0.011428571428571429,4,11,681
brain,GO:0007420,brain_GO:0007420.lab,81,3460,1672,0.5167630057803468,0.053227633069082674,47,36,1636
liver,GO:0001889,liver_GO:0001889.lab,82,3146,818,0.7399872854418309,0.06192660550458716,27,20,798
heart,GO:0055024,heart_GO:0055024.lab,83,3182,563,0.8230672532998115,0.08455284552845528,26,12,551
blood,GO:0001569,blood_GO:0001569.lab,84,3305,493,0.8508320726172466,0.015968063872255488,4,11,482
blood,GO:0001525,blood_GO:0001525.lab,85,3305,1819,0.44962178517397877,0.0999505195447798,101,32,1787
eye,GO:0002088,eye_GO:0002088.lab,86,2319,195,0.9159120310478654,0.0,0,15,180
heart,GO:0003151,heart_GO:0003151.lab,87,3182,833,0.7382149591451916,0.048,21,5,828
blood,GO:0045637,blood_GO:0045637.lab,88,3305,860,0.7397881996974282,0.1485148514851485,75,44,816
brain,GO:0030901,brain_GO:0030901.lab,89,3460,643,0.8141618497109826,0.01228878648233487,4,11,632
heart,GO:0003179,heart_GO:0003179.lab,90,3182,499,0.8431803896920176,0.045889101338432124,12,7,492
brain,GO:0030901,brain_GO:0030901.lab,91,3460,818,0.7635838150289017,0.009685230024213076,4,11,807
adipose_tissue,GO:0045599,adipose_tissue_GO:0045599.lab,92,1537,442,0.7124268054651919,0.03070175438596491,7,12,430
heart,GO:0003151,heart_GO:0003151.lab,93,3182,531,0.8331238214959145,0.06349206349206349,18,8,523
blood,GO:0030099,blood_GO:0030099.lab,94,3305,570,0.8275340393343419,0.20833333333333334,75,27,543
brain,GO:0030901,brain_GO:0030901.lab,95,3460,991,0.7135838150289018,0.008008008008008008,4,11,980
brain,GO:0030901,brain_GO:0030901.lab,96,3460,557,0.8390173410404624,0.0035778175313059034,1,14,543
brain,GO:0030901,brain_GO:0030901.lab,97,3460,1345,0.6112716763005781,0.008843036109064112,6,9,1336
heart,GO:0007507,heart_GO:0007507.lab,98,3182,1305,0.5898805782526713,0.0867739678096571,62,29,1276
brain,GO:0022029,brain_GO:0022029.lab,99,3460,853,0.7534682080924855,0.009291521486643438,4,18,835
blood,GO:0045637,blood_GO:0045637.lab,100,3305,1566,0.5261724659606657,0.08847497089639116,76,43,1523
heart,GO:0003179,heart_GO:0003179.lab,101,3182,738,0.7680703959773727,0.03655352480417755,14,5,733
bone,GO:0030500,bone_GO:0030500.lab,102,1817,279,0.8464501926252064,0.03460207612456748,5,14,265
heart,GO:0055024,heart_GO:0055024.lab,103,3182,883,0.7225015713387806,0.059637912673056445,28,10,873
heart,GO:0003151,heart_GO:0003151.lab,104,3182,548,0.8277812696417348,0.06164383561643835,18,8,540
brain,GO:0022029,brain_GO:0022029.lab,105,3460,937,0.7291907514450867,0.014721345951629864,7,15,922
heart,GO:0055008,heart_GO:0055008.lab,106,3182,878,0.7240729101194218,0.06396588486140725,30,12,866
adipose_tissue,GO:0045599,adipose_tissue_GO:0045599.lab,107,1537,258,0.8321405335068315,0.015267175572519083,2,17,241
brain,GO:0030901,brain_GO:0030901.lab,108,3460,1518,0.5612716763005781,0.009138381201044387,7,8,1510
bone,GO:0030500,bone_GO:0030500.lab,109,1817,631,0.6527242707760044,0.015600624024960999,5,14,617
adipose_tissue,GO:0045599,adipose_tissue_GO:0045599.lab,110,1537,447,0.7091737150292778,0.03455723542116631,8,11,436
heart,GO:0003151,heart_GO:0003151.lab,111,3182,541,0.8299811439346323,0.06239168110918544,18,8,533
liver,GO:0001889,liver_GO:0001889.lab,112,3146,799,0.7460267005721551,0.06330597889800703,27,20,779
heart,GO:0055024,heart_GO:0055024.lab,113,3182,847,0.7338152105593966,0.06201550387596899,28,10,837
brain,GO:0030901,brain_GO:0030901.lab,114,3460,651,0.811849710982659,0.012139605462822459,4,11,640
heart,GO:0007507,heart_GO:0007507.lab,115,3182,1248,0.6077938403519798,0.09037900874635568,62,29,1219
brain,GO:0007420,brain_GO:0007420.lab,116,3460,2911,0.15867052023121386,0.04900359359686377,75,8,2903
blood,GO:0045637,blood_GO:0045637.lab,117,3305,2340,0.29198184568835095,0.07582938388625593,96,23,2317
blood,GO:0045637,blood_GO:0045637.lab,118,3305,2541,0.23116490166414527,0.07296607077708865,100,19,2522
brain,GO:0007420,brain_GO:0007420.lab,119,3460,1803,0.47890173410404624,0.04754358161648178,45,38,1765
blood,GO:0045639,blood_GO:0045639.lab,120,3305,755,0.7715582450832073,0.0936374549819928,39,15,740
