filter_spec,CC_max_is_a_distance,MF_max_is_a_distance,false_positives,false_negatives,total_mismatches,exact_columns,at_least_99pct,at_least_95pct
original_six,0,0,3,44290,44293,86,91,91
original_six,0,1,3,43151,43154,86,92,92
original_six,0,2,3,40735,40738,86,92,93
original_six,0,3,3,37723,37726,87,92,96
original_six,0,4,3,35558,35561,88,93,98
original_six,0,5,3,34357,34360,88,95,98
original_six,0,6,3,33851,33854,90,97,100
original_six,0,7,3,33585,33588,92,99,100
original_six,0,8,3,33489,33492,94,100,100
original_six,0,9,3,33473,33476,95,100,100
original_six,0,10,3,33471,33474,96,100,100
original_six,0,11,3,33471,33474,96,100,100
original_six,0,12,3,33471,33474,96,100,100
original_six,0,99,3,33471,33474,96,100,100
original_six,1,0,6,35969,35975,87,91,93
original_six,1,1,6,34830,34836,87,92,94
original_six,1,2,6,32414,32420,87,92,95
original_six,1,3,6,29402,29408,88,92,98
original_six,1,4,6,27237,27243,89,93,100
original_six,1,5,6,26036,26042,89,95,100
original_six,1,6,6,25530,25536,91,97,102
original_six,1,7,6,25264,25270,93,99,102
original_six,1,8,6,25168,25174,95,100,102
original_six,1,9,6,25152,25158,96,100,102
original_six,1,10,6,25150,25156,97,100,102
original_six,1,11,6,25150,25156,97,100,102
original_six,1,12,6,25150,25156,97,100,102
original_six,1,99,6,25150,25156,97,100,102
original_six,2,0,10,23355,23365,89,93,100
original_six,2,1,10,22216,22226,89,94,101
original_six,2,2,10,19800,19810,89,94,102
original_six,2,3,10,16788,16798,90,94,105
original_six,2,4,10,14623,14633,91,95,107
original_six,2,5,10,13422,13432,91,97,107
original_six,2,6,10,12916,12926,93,99,109
original_six,2,7,10,12650,12660,95,101,109
original_six,2,8,10,12554,12564,97,102,109
original_six,2,9,10,12538,12548,98,102,109
original_six,2,10,10,12536,12546,99,102,109
original_six,2,11,10,12536,12546,99,102,109
original_six,2,12,10,12536,12546,99,102,109
original_six,2,99,10,12536,12546,99,102,109
original_six,3,0,13,14461,14474,90,99,108
original_six,3,1,13,13322,13335,90,100,109
original_six,3,2,13,10906,10919,90,100,110
original_six,3,3,13,7894,7907,91,100,113
original_six,3,4,13,5729,5742,92,101,115
original_six,3,5,13,4528,4541,92,103,115
original_six,3,6,13,4022,4035,94,105,117
original_six,3,7,13,3756,3769,96,107,117
original_six,3,8,13,3660,3673,98,108,117
original_six,3,9,13,3644,3657,99,108,117
original_six,3,10,13,3642,3655,100,108,117
original_six,3,11,13,3642,3655,100,108,117
original_six,3,12,13,3642,3655,100,108,117
original_six,3,99,13,3642,3655,100,108,117
original_six,4,0,13,11675,11688,92,105,111
original_six,4,1,13,10536,10549,92,106,112
original_six,4,2,13,8120,8133,92,106,113
original_six,4,3,13,5108,5121,93,106,116
original_six,4,4,13,2943,2956,94,107,118
original_six,4,5,13,1742,1755,94,109,118
original_six,4,6,13,1236,1249,96,111,120
original_six,4,7,13,970,983,98,113,120
original_six,4,8,13,874,887,100,114,120
original_six,4,9,13,858,871,101,114,120
original_six,4,10,13,856,869,102,114,120
original_six,4,11,13,856,869,102,114,120
original_six,4,12,13,856,869,102,114,120
original_six,4,99,13,856,869,102,114,120
original_six,5,0,13,11055,11068,96,110,112
original_six,5,1,13,9916,9929,96,111,113
original_six,5,2,13,7500,7513,96,111,114
original_six,5,3,13,4488,4501,97,111,117
original_six,5,4,13,2323,2336,98,112,119
original_six,5,5,13,1122,1135,98,114,119
original_six,5,6,13,616,629,100,116,121
original_six,5,7,13,350,363,102,118,121
original_six,5,8,13,254,267,104,119,121
original_six,5,9,13,238,251,105,119,121
original_six,5,10,13,236,249,106,119,121
original_six,5,11,13,236,249,106,119,121
original_six,5,12,13,236,249,106,119,121
original_six,5,99,13,236,249,106,119,121
original_six,6,0,13,10899,10912,96,111,112
original_six,6,1,13,9760,9773,96,112,113
original_six,6,2,13,7344,7357,96,112,114
original_six,6,3,13,4332,4345,97,112,117
original_six,6,4,13,2167,2180,98,113,119
original_six,6,5,13,966,979,98,115,119
original_six,6,6,13,460,473,100,117,121
original_six,6,7,13,194,207,102,119,121
original_six,6,8,13,98,111,104,120,121
original_six,6,9,13,82,95,105,120,121
original_six,6,10,13,80,93,106,120,121
original_six,6,11,13,80,93,106,120,121
original_six,6,12,13,80,93,106,120,121
original_six,6,99,13,80,93,106,120,121
original_six,7,0,13,10849,10862,96,112,112
original_six,7,1,13,9710,9723,96,113,113
original_six,7,2,13,7294,7307,96,113,114
original_six,7,3,13,4282,4295,97,113,117
original_six,7,4,13,2117,2130,98,114,119
original_six,7,5,13,916,929,98,116,119
original_six,7,6,13,410,423,100,118,121
original_six,7,7,13,144,157,102,120,121
original_six,7,8,13,48,61,104,121,121
original_six,7,9,13,32,45,105,121,121
original_six,7,10,13,30,43,106,121,121
original_six,7,11,13,30,43,106,121,121
original_six,7,12,13,30,43,106,121,121
original_six,7,99,13,30,43,106,121,121
original_six,8,0,13,10822,10835,97,112,112
original_six,8,1,13,9683,9696,97,113,113
original_six,8,2,13,7267,7280,97,113,114
original_six,8,3,13,4255,4268,98,113,117
original_six,8,4,13,2090,2103,99,114,119
original_six,8,5,13,889,902,99,116,119
original_six,8,6,13,383,396,101,118,121
original_six,8,7,13,117,130,103,120,121
original_six,8,8,13,21,34,105,121,121
original_six,8,9,13,5,18,106,121,121
original_six,8,10,13,3,16,107,121,121
original_six,8,11,13,3,16,107,121,121
original_six,8,12,13,3,16,107,121,121
original_six,8,99,13,3,16,107,121,121
original_six,9,0,13,10819,10832,98,112,112
original_six,9,1,13,9680,9693,98,113,113
original_six,9,2,13,7264,7277,98,113,114
original_six,9,3,13,4252,4265,99,113,117
original_six,9,4,13,2087,2100,100,114,119
original_six,9,5,13,886,899,100,116,119
original_six,9,6,13,380,393,102,118,121
original_six,9,7,13,114,127,104,120,121
original_six,9,8,13,18,31,106,121,121
original_six,9,9,13,2,15,107,121,121
original_six,9,10,13,0,13,108,121,121
original_six,9,11,13,0,13,108,121,121
original_six,9,12,13,0,13,108,121,121
original_six,9,99,13,0,13,108,121,121
original_six,10,0,13,10819,10832,98,112,112
original_six,10,1,13,9680,9693,98,113,113
original_six,10,2,13,7264,7277,98,113,114
original_six,10,3,13,4252,4265,99,113,117
original_six,10,4,13,2087,2100,100,114,119
original_six,10,5,13,886,899,100,116,119
original_six,10,6,13,380,393,102,118,121
original_six,10,7,13,114,127,104,120,121
original_six,10,8,13,18,31,106,121,121
original_six,10,9,13,2,15,107,121,121
original_six,10,10,13,0,13,108,121,121
original_six,10,11,13,0,13,108,121,121
original_six,10,12,13,0,13,108,121,121
original_six,10,99,13,0,13,108,121,121
original_six,11,0,13,10819,10832,98,112,112
original_six,11,1,13,9680,9693,98,113,113
original_six,11,2,13,7264,7277,98,113,114
original_six,11,3,13,4252,4265,99,113,117
original_six,11,4,13,2087,2100,100,114,119
original_six,11,5,13,886,899,100,116,119
original_six,11,6,13,380,393,102,118,121
original_six,11,7,13,114,127,104,120,121
original_six,11,8,13,18,31,106,121,121
original_six,11,9,13,2,15,107,121,121
original_six,11,10,13,0,13,108,121,121
original_six,11,11,13,0,13,108,121,121
original_six,11,12,13,0,13,108,121,121
original_six,11,99,13,0,13,108,121,121
original_six,12,0,13,10819,10832,98,112,112
original_six,12,1,13,9680,9693,98,113,113
original_six,12,2,13,7264,7277,98,113,114
original_six,12,3,13,4252,4265,99,113,117
original_six,12,4,13,2087,2100,100,114,119
original_six,12,5,13,886,899,100,116,119
original_six,12,6,13,380,393,102,118,121
original_six,12,7,13,114,127,104,120,121
original_six,12,8,13,18,31,106,121,121
original_six,12,9,13,2,15,107,121,121
original_six,12,10,13,0,13,108,121,121
original_six,12,11,13,0,13,108,121,121
original_six,12,12,13,0,13,108,121,121
original_six,12,99,13,0,13,108,121,121
original_six,99,0,13,10819,10832,98,112,112
original_six,99,1,13,9680,9693,98,113,113
original_six,99,2,13,7264,7277,98,113,114
original_six,99,3,13,4252,4265,99,113,117
original_six,99,4,13,2087,2100,100,114,119
original_six,99,5,13,886,899,100,116,119
original_six,99,6,13,380,393,102,118,121
original_six,99,7,13,114,127,104,120,121
original_six,99,8,13,18,31,106,121,121
original_six,99,9,13,2,15,107,121,121
original_six,99,10,13,0,13,108,121,121
original_six,99,11,13,0,13,108,121,121
original_six,99,12,13,0,13,108,121,121
original_six,99,99,13,0,13,108,121,121
best_global_after_qualifier_exclusion,0,0,3,44290,44293,86,91,91
best_global_after_qualifier_exclusion,0,1,3,43151,43154,86,92,92
best_global_after_qualifier_exclusion,0,2,3,40735,40738,86,92,93
best_global_after_qualifier_exclusion,0,3,3,37723,37726,87,92,96
best_global_after_qualifier_exclusion,0,4,3,35558,35561,88,93,98
best_global_after_qualifier_exclusion,0,5,3,34357,34360,88,95,98
best_global_after_qualifier_exclusion,0,6,3,33851,33854,90,97,100
best_global_after_qualifier_exclusion,0,7,3,33585,33588,92,99,100
best_global_after_qualifier_exclusion,0,8,3,33489,33492,94,100,100
best_global_after_qualifier_exclusion,0,9,3,33473,33476,95,100,100
best_global_after_qualifier_exclusion,0,10,3,33471,33474,96,100,100
best_global_after_qualifier_exclusion,0,11,3,33471,33474,96,100,100
best_global_after_qualifier_exclusion,0,12,3,33471,33474,96,100,100
best_global_after_qualifier_exclusion,0,99,3,33471,33474,96,100,100
best_global_after_qualifier_exclusion,1,0,6,35969,35975,87,91,93
best_global_after_qualifier_exclusion,1,1,6,34830,34836,87,92,94
best_global_after_qualifier_exclusion,1,2,6,32414,32420,87,92,95
best_global_after_qualifier_exclusion,1,3,6,29402,29408,88,92,98
best_global_after_qualifier_exclusion,1,4,6,27237,27243,89,93,100
best_global_after_qualifier_exclusion,1,5,6,26036,26042,89,95,100
best_global_after_qualifier_exclusion,1,6,6,25530,25536,91,97,102
best_global_after_qualifier_exclusion,1,7,6,25264,25270,93,99,102
best_global_after_qualifier_exclusion,1,8,6,25168,25174,95,100,102
best_global_after_qualifier_exclusion,1,9,6,25152,25158,96,100,102
best_global_after_qualifier_exclusion,1,10,6,25150,25156,97,100,102
best_global_after_qualifier_exclusion,1,11,6,25150,25156,97,100,102
best_global_after_qualifier_exclusion,1,12,6,25150,25156,97,100,102
best_global_after_qualifier_exclusion,1,99,6,25150,25156,97,100,102
best_global_after_qualifier_exclusion,2,0,10,23355,23365,89,93,100
best_global_after_qualifier_exclusion,2,1,10,22216,22226,89,94,101
best_global_after_qualifier_exclusion,2,2,10,19800,19810,89,94,102
best_global_after_qualifier_exclusion,2,3,10,16788,16798,90,94,105
best_global_after_qualifier_exclusion,2,4,10,14623,14633,91,95,107
best_global_after_qualifier_exclusion,2,5,10,13422,13432,91,97,107
best_global_after_qualifier_exclusion,2,6,10,12916,12926,93,99,109
best_global_after_qualifier_exclusion,2,7,10,12650,12660,95,101,109
best_global_after_qualifier_exclusion,2,8,10,12554,12564,97,102,109
best_global_after_qualifier_exclusion,2,9,10,12538,12548,98,102,109
best_global_after_qualifier_exclusion,2,10,10,12536,12546,99,102,109
best_global_after_qualifier_exclusion,2,11,10,12536,12546,99,102,109
best_global_after_qualifier_exclusion,2,12,10,12536,12546,99,102,109
best_global_after_qualifier_exclusion,2,99,10,12536,12546,99,102,109
best_global_after_qualifier_exclusion,3,0,13,14461,14474,90,99,108
best_global_after_qualifier_exclusion,3,1,13,13322,13335,90,100,109
best_global_after_qualifier_exclusion,3,2,13,10906,10919,90,100,110
best_global_after_qualifier_exclusion,3,3,13,7894,7907,91,100,113
best_global_after_qualifier_exclusion,3,4,13,5729,5742,92,101,115
best_global_after_qualifier_exclusion,3,5,13,4528,4541,92,103,115
best_global_after_qualifier_exclusion,3,6,13,4022,4035,94,105,117
best_global_after_qualifier_exclusion,3,7,13,3756,3769,96,107,117
best_global_after_qualifier_exclusion,3,8,13,3660,3673,98,108,117
best_global_after_qualifier_exclusion,3,9,13,3644,3657,99,108,117
best_global_after_qualifier_exclusion,3,10,13,3642,3655,100,108,117
best_global_after_qualifier_exclusion,3,11,13,3642,3655,100,108,117
best_global_after_qualifier_exclusion,3,12,13,3642,3655,100,108,117
best_global_after_qualifier_exclusion,3,99,13,3642,3655,100,108,117
best_global_after_qualifier_exclusion,4,0,13,11675,11688,92,105,111
best_global_after_qualifier_exclusion,4,1,13,10536,10549,92,106,112
best_global_after_qualifier_exclusion,4,2,13,8120,8133,92,106,113
best_global_after_qualifier_exclusion,4,3,13,5108,5121,93,106,116
best_global_after_qualifier_exclusion,4,4,13,2943,2956,94,107,118
best_global_after_qualifier_exclusion,4,5,13,1742,1755,94,109,118
best_global_after_qualifier_exclusion,4,6,13,1236,1249,96,111,120
best_global_after_qualifier_exclusion,4,7,13,970,983,98,113,120
best_global_after_qualifier_exclusion,4,8,13,874,887,100,114,120
best_global_after_qualifier_exclusion,4,9,13,858,871,101,114,120
best_global_after_qualifier_exclusion,4,10,13,856,869,102,114,120
best_global_after_qualifier_exclusion,4,11,13,856,869,102,114,120
best_global_after_qualifier_exclusion,4,12,13,856,869,102,114,120
best_global_after_qualifier_exclusion,4,99,13,856,869,102,114,120
best_global_after_qualifier_exclusion,5,0,13,11055,11068,96,110,112
best_global_after_qualifier_exclusion,5,1,13,9916,9929,96,111,113
best_global_after_qualifier_exclusion,5,2,13,7500,7513,96,111,114
best_global_after_qualifier_exclusion,5,3,13,4488,4501,97,111,117
best_global_after_qualifier_exclusion,5,4,13,2323,2336,98,112,119
best_global_after_qualifier_exclusion,5,5,13,1122,1135,98,114,119
best_global_after_qualifier_exclusion,5,6,13,616,629,100,116,121
best_global_after_qualifier_exclusion,5,7,13,350,363,102,118,121
best_global_after_qualifier_exclusion,5,8,13,254,267,104,119,121
best_global_after_qualifier_exclusion,5,9,13,238,251,105,119,121
best_global_after_qualifier_exclusion,5,10,13,236,249,106,119,121
best_global_after_qualifier_exclusion,5,11,13,236,249,106,119,121
best_global_after_qualifier_exclusion,5,12,13,236,249,106,119,121
best_global_after_qualifier_exclusion,5,99,13,236,249,106,119,121
best_global_after_qualifier_exclusion,6,0,13,10899,10912,96,111,112
best_global_after_qualifier_exclusion,6,1,13,9760,9773,96,112,113
best_global_after_qualifier_exclusion,6,2,13,7344,7357,96,112,114
best_global_after_qualifier_exclusion,6,3,13,4332,4345,97,112,117
best_global_after_qualifier_exclusion,6,4,13,2167,2180,98,113,119
best_global_after_qualifier_exclusion,6,5,13,966,979,98,115,119
best_global_after_qualifier_exclusion,6,6,13,460,473,100,117,121
best_global_after_qualifier_exclusion,6,7,13,194,207,102,119,121
best_global_after_qualifier_exclusion,6,8,13,98,111,104,120,121
best_global_after_qualifier_exclusion,6,9,13,82,95,105,120,121
best_global_after_qualifier_exclusion,6,10,13,80,93,106,120,121
best_global_after_qualifier_exclusion,6,11,13,80,93,106,120,121
best_global_after_qualifier_exclusion,6,12,13,80,93,106,120,121
best_global_after_qualifier_exclusion,6,99,13,80,93,106,120,121
best_global_after_qualifier_exclusion,7,0,13,10849,10862,96,112,112
best_global_after_qualifier_exclusion,7,1,13,9710,9723,96,113,113
best_global_after_qualifier_exclusion,7,2,13,7294,7307,96,113,114
best_global_after_qualifier_exclusion,7,3,13,4282,4295,97,113,117
best_global_after_qualifier_exclusion,7,4,13,2117,2130,98,114,119
best_global_after_qualifier_exclusion,7,5,13,916,929,98,116,119
best_global_after_qualifier_exclusion,7,6,13,410,423,100,118,121
best_global_after_qualifier_exclusion,7,7,13,144,157,102,120,121
best_global_after_qualifier_exclusion,7,8,13,48,61,104,121,121
best_global_after_qualifier_exclusion,7,9,13,32,45,105,121,121
best_global_after_qualifier_exclusion,7,10,13,30,43,106,121,121
best_global_after_qualifier_exclusion,7,11,13,30,43,106,121,121
best_global_after_qualifier_exclusion,7,12,13,30,43,106,121,121
best_global_after_qualifier_exclusion,7,99,13,30,43,106,121,121
best_global_after_qualifier_exclusion,8,0,13,10822,10835,97,112,112
best_global_after_qualifier_exclusion,8,1,13,9683,9696,97,113,113
best_global_after_qualifier_exclusion,8,2,13,7267,7280,97,113,114
best_global_after_qualifier_exclusion,8,3,13,4255,4268,98,113,117
best_global_after_qualifier_exclusion,8,4,13,2090,2103,99,114,119
best_global_after_qualifier_exclusion,8,5,13,889,902,99,116,119
best_global_after_qualifier_exclusion,8,6,13,383,396,101,118,121
best_global_after_qualifier_exclusion,8,7,13,117,130,103,120,121
best_global_after_qualifier_exclusion,8,8,13,21,34,105,121,121
best_global_after_qualifier_exclusion,8,9,13,5,18,106,121,121
best_global_after_qualifier_exclusion,8,10,13,3,16,107,121,121
best_global_after_qualifier_exclusion,8,11,13,3,16,107,121,121
best_global_after_qualifier_exclusion,8,12,13,3,16,107,121,121
best_global_after_qualifier_exclusion,8,99,13,3,16,107,121,121
best_global_after_qualifier_exclusion,9,0,13,10819,10832,98,112,112
best_global_after_qualifier_exclusion,9,1,13,9680,9693,98,113,113
best_global_after_qualifier_exclusion,9,2,13,7264,7277,98,113,114
best_global_after_qualifier_exclusion,9,3,13,4252,4265,99,113,117
best_global_after_qualifier_exclusion,9,4,13,2087,2100,100,114,119
best_global_after_qualifier_exclusion,9,5,13,886,899,100,116,119
best_global_after_qualifier_exclusion,9,6,13,380,393,102,118,121
best_global_after_qualifier_exclusion,9,7,13,114,127,104,120,121
best_global_after_qualifier_exclusion,9,8,13,18,31,106,121,121
best_global_after_qualifier_exclusion,9,9,13,2,15,107,121,121
best_global_after_qualifier_exclusion,9,10,13,0,13,108,121,121
best_global_after_qualifier_exclusion,9,11,13,0,13,108,121,121
best_global_after_qualifier_exclusion,9,12,13,0,13,108,121,121
best_global_after_qualifier_exclusion,9,99,13,0,13,108,121,121
best_global_after_qualifier_exclusion,10,0,13,10819,10832,98,112,112
best_global_after_qualifier_exclusion,10,1,13,9680,9693,98,113,113
best_global_after_qualifier_exclusion,10,2,13,7264,7277,98,113,114
best_global_after_qualifier_exclusion,10,3,13,4252,4265,99,113,117
best_global_after_qualifier_exclusion,10,4,13,2087,2100,100,114,119
best_global_after_qualifier_exclusion,10,5,13,886,899,100,116,119
best_global_after_qualifier_exclusion,10,6,13,380,393,102,118,121
best_global_after_qualifier_exclusion,10,7,13,114,127,104,120,121
best_global_after_qualifier_exclusion,10,8,13,18,31,106,121,121
best_global_after_qualifier_exclusion,10,9,13,2,15,107,121,121
best_global_after_qualifier_exclusion,10,10,13,0,13,108,121,121
best_global_after_qualifier_exclusion,10,11,13,0,13,108,121,121
best_global_after_qualifier_exclusion,10,12,13,0,13,108,121,121
best_global_after_qualifier_exclusion,10,99,13,0,13,108,121,121
best_global_after_qualifier_exclusion,11,0,13,10819,10832,98,112,112
best_global_after_qualifier_exclusion,11,1,13,9680,9693,98,113,113
best_global_after_qualifier_exclusion,11,2,13,7264,7277,98,113,114
best_global_after_qualifier_exclusion,11,3,13,4252,4265,99,113,117
best_global_after_qualifier_exclusion,11,4,13,2087,2100,100,114,119
best_global_after_qualifier_exclusion,11,5,13,886,899,100,116,119
best_global_after_qualifier_exclusion,11,6,13,380,393,102,118,121
best_global_after_qualifier_exclusion,11,7,13,114,127,104,120,121
best_global_after_qualifier_exclusion,11,8,13,18,31,106,121,121
best_global_after_qualifier_exclusion,11,9,13,2,15,107,121,121
best_global_after_qualifier_exclusion,11,10,13,0,13,108,121,121
best_global_after_qualifier_exclusion,11,11,13,0,13,108,121,121
best_global_after_qualifier_exclusion,11,12,13,0,13,108,121,121
best_global_after_qualifier_exclusion,11,99,13,0,13,108,121,121
best_global_after_qualifier_exclusion,12,0,13,10819,10832,98,112,112
best_global_after_qualifier_exclusion,12,1,13,9680,9693,98,113,113
best_global_after_qualifier_exclusion,12,2,13,7264,7277,98,113,114
best_global_after_qualifier_exclusion,12,3,13,4252,4265,99,113,117
best_global_after_qualifier_exclusion,12,4,13,2087,2100,100,114,119
best_global_after_qualifier_exclusion,12,5,13,886,899,100,116,119
best_global_after_qualifier_exclusion,12,6,13,380,393,102,118,121
best_global_after_qualifier_exclusion,12,7,13,114,127,104,120,121
best_global_after_qualifier_exclusion,12,8,13,18,31,106,121,121
best_global_after_qualifier_exclusion,12,9,13,2,15,107,121,121
best_global_after_qualifier_exclusion,12,10,13,0,13,108,121,121
best_global_after_qualifier_exclusion,12,11,13,0,13,108,121,121
best_global_after_qualifier_exclusion,12,12,13,0,13,108,121,121
best_global_after_qualifier_exclusion,12,99,13,0,13,108,121,121
best_global_after_qualifier_exclusion,99,0,13,10819,10832,98,112,112
best_global_after_qualifier_exclusion,99,1,13,9680,9693,98,113,113
best_global_after_qualifier_exclusion,99,2,13,7264,7277,98,113,114
best_global_after_qualifier_exclusion,99,3,13,4252,4265,99,113,117
best_global_after_qualifier_exclusion,99,4,13,2087,2100,100,114,119
best_global_after_qualifier_exclusion,99,5,13,886,899,100,116,119
best_global_after_qualifier_exclusion,99,6,13,380,393,102,118,121
best_global_after_qualifier_exclusion,99,7,13,114,127,104,120,121
best_global_after_qualifier_exclusion,99,8,13,18,31,106,121,121
best_global_after_qualifier_exclusion,99,9,13,2,15,107,121,121
best_global_after_qualifier_exclusion,99,10,13,0,13,108,121,121
best_global_after_qualifier_exclusion,99,11,13,0,13,108,121,121
best_global_after_qualifier_exclusion,99,12,13,0,13,108,121,121
best_global_after_qualifier_exclusion,99,99,13,0,13,108,121,121
