namespace,mask_integer,evidence_codes,evidence_count,false_positives,false_negatives,total_mismatches,exact_columns,namespace_column_count,at_least_99pct,at_least_95pct
biological_process,744,IDA|IEP|IGI|IMP|ISS,5,0,0,0,85,85,85,85
biological_process,745,EXP|IDA|IEP|IGI|IMP|ISS,6,0,0,0,85,85,85,85
biological_process,2792,IDA|IEP|IGI|IMP|ISS|ND,6,16,0,16,84,85,85,85
biological_process,2793,EXP|IDA|IEP|IGI|IMP|ISS|ND,7,16,0,16,84,85,85,85
biological_process,1000,IDA|IEP|IGI|IMP|IPI|ISS,6,141,0,141,44,85,85,85
biological_process,1001,EXP|IDA|IEP|IGI|IMP|IPI|ISS,7,141,0,141,44,85,85,85
biological_process,3048,IDA|IEP|IGI|IMP|IPI|ISS|ND,7,157,0,157,44,85,85,85
biological_process,3049,EXP|IDA|IEP|IGI|IMP|IPI|ISS|ND,8,157,0,157,44,85,85,85
biological_process,712,IDA|IGI|IMP|ISS,4,0,804,804,20,85,79,85
biological_process,713,EXP|IDA|IGI|IMP|ISS,5,0,804,804,20,85,79,85
biological_process,2760,IDA|IGI|IMP|ISS|ND,5,16,804,820,20,85,78,85
biological_process,2761,EXP|IDA|IGI|IMP|ISS|ND,6,16,804,820,20,85,78,85
biological_process,748,IC|IDA|IEP|IGI|IMP|ISS,6,845,0,845,1,85,85,85
biological_process,749,EXP|IC|IDA|IEP|IGI|IMP|ISS,7,845,0,845,1,85,85,85
biological_process,2796,IC|IDA|IEP|IGI|IMP|ISS|ND,7,861,0,861,1,85,85,85
biological_process,2797,EXP|IC|IDA|IEP|IGI|IMP|ISS|ND,8,861,0,861,1,85,85,85
biological_process,680,IDA|IEP|IMP|ISS,4,0,864,864,0,85,85,85
biological_process,681,EXP|IDA|IEP|IMP|ISS,5,0,864,864,0,85,85,85
biological_process,2728,IDA|IEP|IMP|ISS|ND,5,16,864,880,0,85,85,85
biological_process,2729,EXP|IDA|IEP|IMP|ISS|ND,6,16,864,880,0,85,85,85
biological_process,968,IDA|IGI|IMP|IPI|ISS,5,141,802,943,18,85,79,85
biological_process,969,EXP|IDA|IGI|IMP|IPI|ISS,6,141,802,943,18,85,79,85
biological_process,3016,IDA|IGI|IMP|IPI|ISS|ND,6,157,802,959,18,85,78,85
biological_process,3017,EXP|IDA|IGI|IMP|IPI|ISS|ND,7,157,802,959,18,85,78,85
biological_process,1004,IC|IDA|IEP|IGI|IMP|IPI|ISS,7,986,0,986,1,85,84,85
biological_process,1005,EXP|IC|IDA|IEP|IGI|IMP|IPI|ISS,8,986,0,986,1,85,84,85
biological_process,3052,IC|IDA|IEP|IGI|IMP|IPI|ISS|ND,8,1002,0,1002,1,85,84,85
biological_process,3053,EXP|IC|IDA|IEP|IGI|IMP|IPI|ISS|ND,9,1002,0,1002,1,85,84,85
biological_process,936,IDA|IEP|IMP|IPI|ISS,5,141,862,1003,0,85,83,85
biological_process,937,EXP|IDA|IEP|IMP|IPI|ISS,6,141,862,1003,0,85,83,85
biological_process,2984,IDA|IEP|IMP|IPI|ISS|ND,6,157,862,1019,0,85,83,85
biological_process,2985,EXP|IDA|IEP|IMP|IPI|ISS|ND,7,157,862,1019,0,85,83,85
biological_process,716,IC|IDA|IGI|IMP|ISS,5,845,793,1638,1,85,77,85
biological_process,717,EXP|IC|IDA|IGI|IMP|ISS,6,845,793,1638,1,85,77,85
biological_process,2764,IC|IDA|IGI|IMP|ISS|ND,6,861,793,1654,1,85,76,85
biological_process,2765,EXP|IC|IDA|IGI|IMP|ISS|ND,7,861,793,1654,1,85,76,85
biological_process,684,IC|IDA|IEP|IMP|ISS,5,845,813,1658,0,85,76,85
biological_process,685,EXP|IC|IDA|IEP|IMP|ISS,6,845,813,1658,0,85,76,85
biological_process,648,IDA|IMP|ISS,3,0,1670,1670,0,85,76,85
biological_process,649,EXP|IDA|IMP|ISS,4,0,1670,1670,0,85,76,85
biological_process,2732,IC|IDA|IEP|IMP|ISS|ND,6,861,813,1674,0,85,75,85
biological_process,2733,EXP|IC|IDA|IEP|IMP|ISS|ND,7,861,813,1674,0,85,75,85
biological_process,2696,IDA|IMP|ISS|ND,4,16,1670,1686,0,85,76,85
biological_process,2697,EXP|IDA|IMP|ISS|ND,5,16,1670,1686,0,85,76,85
biological_process,972,IC|IDA|IGI|IMP|IPI|ISS,6,986,791,1777,1,85,71,85
biological_process,973,EXP|IC|IDA|IGI|IMP|IPI|ISS,7,986,791,1777,1,85,71,85
biological_process,3020,IC|IDA|IGI|IMP|IPI|ISS|ND,7,1002,791,1793,1,85,71,85
biological_process,3021,EXP|IC|IDA|IGI|IMP|IPI|ISS|ND,8,1002,791,1793,1,85,71,85
biological_process,940,IC|IDA|IEP|IMP|IPI|ISS,6,986,811,1797,0,85,73,85
biological_process,941,EXP|IC|IDA|IEP|IMP|IPI|ISS,7,986,811,1797,0,85,73,85
cellular_component,712,IDA|IGI|IMP|ISS,4,13,0,13,13,26,26,26
cellular_component,713,EXP|IDA|IGI|IMP|ISS,5,13,0,13,13,26,26,26
cellular_component,744,IDA|IEP|IGI|IMP|ISS,5,13,0,13,13,26,26,26
cellular_component,745,EXP|IDA|IEP|IGI|IMP|ISS,6,13,0,13,13,26,26,26
cellular_component,648,IDA|IMP|ISS,3,13,2,15,12,26,26,26
cellular_component,649,EXP|IDA|IMP|ISS,4,13,2,15,12,26,26,26
cellular_component,680,IDA|IEP|IMP|ISS,4,13,2,15,12,26,26,26
cellular_component,681,EXP|IDA|IEP|IMP|ISS,5,13,2,15,12,26,26,26
cellular_component,2760,IDA|IGI|IMP|ISS|ND,5,36,0,36,13,26,26,26
cellular_component,2761,EXP|IDA|IGI|IMP|ISS|ND,6,36,0,36,13,26,26,26
cellular_component,2792,IDA|IEP|IGI|IMP|ISS|ND,6,36,0,36,13,26,26,26
cellular_component,2793,EXP|IDA|IEP|IGI|IMP|ISS|ND,7,36,0,36,13,26,26,26
cellular_component,2696,IDA|IMP|ISS|ND,4,36,2,38,12,26,26,26
cellular_component,2697,EXP|IDA|IMP|ISS|ND,5,36,2,38,12,26,26,26
cellular_component,2728,IDA|IEP|IMP|ISS|ND,5,36,2,38,12,26,26,26
cellular_component,2729,EXP|IDA|IEP|IMP|ISS|ND,6,36,2,38,12,26,26,26
cellular_component,968,IDA|IGI|IMP|IPI|ISS,5,66,0,66,10,26,26,26
cellular_component,969,EXP|IDA|IGI|IMP|IPI|ISS,6,66,0,66,10,26,26,26
cellular_component,1000,IDA|IEP|IGI|IMP|IPI|ISS,6,66,0,66,10,26,26,26
cellular_component,1001,EXP|IDA|IEP|IGI|IMP|IPI|ISS,7,66,0,66,10,26,26,26
cellular_component,904,IDA|IMP|IPI|ISS,4,66,2,68,9,26,26,26
cellular_component,905,EXP|IDA|IMP|IPI|ISS,5,66,2,68,9,26,26,26
cellular_component,936,IDA|IEP|IMP|IPI|ISS,5,66,2,68,9,26,26,26
cellular_component,937,EXP|IDA|IEP|IMP|IPI|ISS,6,66,2,68,9,26,26,26
cellular_component,3016,IDA|IGI|IMP|IPI|ISS|ND,6,89,0,89,10,26,26,26
cellular_component,3017,EXP|IDA|IGI|IMP|IPI|ISS|ND,7,89,0,89,10,26,26,26
cellular_component,3048,IDA|IEP|IGI|IMP|IPI|ISS|ND,7,89,0,89,10,26,26,26
cellular_component,3049,EXP|IDA|IEP|IGI|IMP|IPI|ISS|ND,8,89,0,89,10,26,26,26
cellular_component,2952,IDA|IMP|IPI|ISS|ND,5,89,2,91,9,26,26,26
cellular_component,2953,EXP|IDA|IMP|IPI|ISS|ND,6,89,2,91,9,26,26,26
cellular_component,2984,IDA|IEP|IMP|IPI|ISS|ND,6,89,2,91,9,26,26,26
cellular_component,2985,EXP|IDA|IEP|IMP|IPI|ISS|ND,7,89,2,91,9,26,26,26
cellular_component,584,IDA|IGI|ISS,3,13,133,146,3,26,26,26
cellular_component,585,EXP|IDA|IGI|ISS,4,13,133,146,3,26,26,26
cellular_component,616,IDA|IEP|IGI|ISS,4,13,133,146,3,26,26,26
cellular_component,617,EXP|IDA|IEP|IGI|ISS,5,13,133,146,3,26,26,26
cellular_component,520,IDA|ISS,2,13,135,148,3,26,26,26
cellular_component,521,EXP|IDA|ISS,3,13,135,148,3,26,26,26
cellular_component,552,IDA|IEP|ISS,3,13,135,148,3,26,26,26
cellular_component,553,EXP|IDA|IEP|ISS,4,13,135,148,3,26,26,26
cellular_component,2632,IDA|IGI|ISS|ND,4,36,133,169,3,26,26,26
cellular_component,2633,EXP|IDA|IGI|ISS|ND,5,36,133,169,3,26,26,26
cellular_component,2664,IDA|IEP|IGI|ISS|ND,5,36,133,169,3,26,26,26
cellular_component,2665,EXP|IDA|IEP|IGI|ISS|ND,6,36,133,169,3,26,26,26
cellular_component,2568,IDA|ISS|ND,3,36,135,171,3,26,26,26
cellular_component,2569,EXP|IDA|ISS|ND,4,36,135,171,3,26,26,26
cellular_component,2600,IDA|IEP|ISS|ND,4,36,135,171,3,26,26,26
cellular_component,2601,EXP|IDA|IEP|ISS|ND,5,36,135,171,3,26,26,26
cellular_component,840,IDA|IGI|IPI|ISS,4,66,133,199,3,26,26,26
cellular_component,841,EXP|IDA|IGI|IPI|ISS,5,66,133,199,3,26,26,26
molecular_function,713,EXP|IDA|IGI|IMP|ISS,5,0,0,0,10,10,10,10
molecular_function,745,EXP|IDA|IEP|IGI|IMP|ISS,6,0,0,0,10,10,10,10
molecular_function,649,EXP|IDA|IMP|ISS,4,0,9,9,3,10,10,10
molecular_function,681,EXP|IDA|IEP|IMP|ISS,5,0,9,9,3,10,10,10
molecular_function,2761,EXP|IDA|IGI|IMP|ISS|ND,6,51,0,51,9,10,9,10
molecular_function,2793,EXP|IDA|IEP|IGI|IMP|ISS|ND,7,51,0,51,9,10,9,10
molecular_function,717,EXP|IC|IDA|IGI|IMP|ISS,6,54,0,54,3,10,10,10
molecular_function,749,EXP|IC|IDA|IEP|IGI|IMP|ISS,7,54,0,54,3,10,10,10
molecular_function,2697,EXP|IDA|IMP|ISS|ND,5,51,9,60,3,10,9,10
molecular_function,2729,EXP|IDA|IEP|IMP|ISS|ND,6,51,9,60,3,10,9,10
molecular_function,653,EXP|IC|IDA|IMP|ISS,5,54,9,63,3,10,10,10
molecular_function,685,EXP|IC|IDA|IEP|IMP|ISS,6,54,9,63,3,10,10,10
molecular_function,712,IDA|IGI|IMP|ISS,4,0,85,85,7,10,10,10
molecular_function,744,IDA|IEP|IGI|IMP|ISS,5,0,85,85,7,10,10,10
molecular_function,648,IDA|IMP|ISS,3,0,94,94,2,10,10,10
molecular_function,680,IDA|IEP|IMP|ISS,4,0,94,94,2,10,10,10
molecular_function,2765,EXP|IC|IDA|IGI|IMP|ISS|ND,7,105,0,105,3,10,9,10
molecular_function,2797,EXP|IC|IDA|IEP|IGI|IMP|ISS|ND,8,105,0,105,3,10,9,10
molecular_function,2701,EXP|IC|IDA|IMP|ISS|ND,6,105,9,114,3,10,9,10
molecular_function,2733,EXP|IC|IDA|IEP|IMP|ISS|ND,7,105,9,114,3,10,9,10
molecular_function,2760,IDA|IGI|IMP|ISS|ND,5,51,84,135,7,10,9,10
molecular_function,2792,IDA|IEP|IGI|IMP|ISS|ND,6,51,84,135,7,10,9,10
molecular_function,716,IC|IDA|IGI|IMP|ISS,5,54,85,139,2,10,10,10
molecular_function,748,IC|IDA|IEP|IGI|IMP|ISS,6,54,85,139,2,10,10,10
molecular_function,2696,IDA|IMP|ISS|ND,4,51,93,144,2,10,9,10
molecular_function,2728,IDA|IEP|IMP|ISS|ND,5,51,93,144,2,10,9,10
molecular_function,652,IC|IDA|IMP|ISS,4,54,94,148,2,10,10,10
molecular_function,684,IC|IDA|IEP|IMP|ISS,5,54,94,148,2,10,10,10
molecular_function,2764,IC|IDA|IGI|IMP|ISS|ND,6,105,84,189,2,10,9,10
molecular_function,2796,IC|IDA|IEP|IGI|IMP|ISS|ND,7,105,84,189,2,10,9,10
molecular_function,2700,IC|IDA|IMP|ISS|ND,5,105,93,198,2,10,9,10
molecular_function,2732,IC|IDA|IEP|IMP|ISS|ND,6,105,93,198,2,10,9,10
molecular_function,585,EXP|IDA|IGI|ISS,4,0,301,301,1,10,7,10
molecular_function,617,EXP|IDA|IEP|IGI|ISS,5,0,301,301,1,10,7,10
molecular_function,521,EXP|IDA|ISS,3,0,315,315,1,10,7,10
molecular_function,553,EXP|IDA|IEP|ISS,4,0,315,315,1,10,7,10
molecular_function,589,EXP|IC|IDA|IGI|ISS,5,54,298,352,1,10,7,10
molecular_function,621,EXP|IC|IDA|IEP|IGI|ISS,6,54,298,352,1,10,7,10
molecular_function,2633,EXP|IDA|IGI|ISS|ND,5,51,301,352,1,10,7,10
molecular_function,2665,EXP|IDA|IEP|IGI|ISS|ND,6,51,301,352,1,10,7,10
molecular_function,525,EXP|IC|IDA|ISS,4,54,312,366,1,10,7,10
molecular_function,557,EXP|IC|IDA|IEP|ISS,5,54,312,366,1,10,7,10
molecular_function,2569,EXP|IDA|ISS|ND,4,51,315,366,1,10,7,10
molecular_function,2601,EXP|IDA|IEP|ISS|ND,5,51,315,366,1,10,7,10
molecular_function,2637,EXP|IC|IDA|IGI|ISS|ND,6,105,298,403,1,10,7,10
molecular_function,2669,EXP|IC|IDA|IEP|IGI|ISS|ND,7,105,298,403,1,10,7,10
molecular_function,584,IDA|IGI|ISS,3,0,404,404,1,10,6,10
molecular_function,616,IDA|IEP|IGI|ISS,4,0,404,404,1,10,6,10
molecular_function,2573,EXP|IC|IDA|ISS|ND,5,105,312,417,1,10,7,10
molecular_function,2605,EXP|IC|IDA|IEP|ISS|ND,6,105,312,417,1,10,7,10
