candidate_universe,candidate_method,heldout_tissues,null,candidate_metric,null_metric,value,midrank_percentile
all144,conditional_mean_wup,cerebellum|cerebral_cortex|fetus|temporal_lobe,uniform,mean_wup,mean_wup,0.154348335488,0.0
all144,conditional_mean_wup,cerebellum|cerebral_cortex|fetus|temporal_lobe,uniform,max_wup,max_wup,0.181818181818,0.0
all144,conditional_mean_wup,cerebellum|cerebral_cortex|fetus|temporal_lobe,uniform,row_overlap,row_overlap,0.968874700718,0.12488
all144,conditional_mean_wup,cerebellum|cerebral_cortex|fetus|temporal_lobe,uniform,unique_overlap,unique_overlap,0.93949486539,0.2342405
all144,conditional_mean_wup,cerebellum|cerebral_cortex|fetus|temporal_lobe,uniform,lookup_micro_f1,f1,0.990382456403,0.213008
all144,conditional_mean_wup,cerebellum|cerebral_cortex|fetus|temporal_lobe,uniform,role_A_lookup_f1,role_min_f1,0.9920618507500676,0.471324
all144,conditional_mean_wup,cerebellum|cerebral_cortex|fetus|temporal_lobe,uniform,role_B_lookup_f1,role_max_f1,0.9888903023364288,0.06788
all144,conditional_mean_wup,cerebellum|cerebral_cortex|fetus|temporal_lobe,uniform,training_node_total,train_nodes,39197.0,0.010577
all144,conditional_mean_wup,cerebellum|cerebral_cortex|fetus|temporal_lobe,uniform,training_edge_total,train_edges,521390.0,0.014653
all144,conditional_mean_wup,cerebellum|cerebral_cortex|forebrain|temporal_lobe,uniform,mean_wup,mean_wup,0.154348335488,0.0
all144,conditional_mean_wup,cerebellum|cerebral_cortex|forebrain|temporal_lobe,uniform,max_wup,max_wup,0.181818181818,0.0
all144,conditional_mean_wup,cerebellum|cerebral_cortex|forebrain|temporal_lobe,uniform,row_overlap,row_overlap,0.973241590214,0.1829805
all144,conditional_mean_wup,cerebellum|cerebral_cortex|forebrain|temporal_lobe,uniform,unique_overlap,unique_overlap,0.963503649635,0.5223915
all144,conditional_mean_wup,cerebellum|cerebral_cortex|forebrain|temporal_lobe,uniform,lookup_micro_f1,f1,0.992162237829,0.3130415
all144,conditional_mean_wup,cerebellum|cerebral_cortex|forebrain|temporal_lobe,uniform,role_A_lookup_f1,role_min_f1,0.9920618507500676,0.471324
all144,conditional_mean_wup,cerebellum|cerebral_cortex|forebrain|temporal_lobe,uniform,role_B_lookup_f1,role_max_f1,0.9922628043549282,0.1512635
all144,conditional_mean_wup,cerebellum|cerebral_cortex|forebrain|temporal_lobe,uniform,training_node_total,train_nodes,39197.0,0.010577
all144,conditional_mean_wup,cerebellum|cerebral_cortex|forebrain|temporal_lobe,uniform,training_edge_total,train_edges,521390.0,0.014653
all144,conditional_mean_wup,cerebellum|cerebral_cortex|liver|temporal_lobe,uniform,mean_wup,mean_wup,0.154348335488,0.0
all144,conditional_mean_wup,cerebellum|cerebral_cortex|liver|temporal_lobe,uniform,max_wup,max_wup,0.181818181818,0.0
all144,conditional_mean_wup,cerebellum|cerebral_cortex|liver|temporal_lobe,uniform,row_overlap,row_overlap,0.971038251366,0.1510005
all144,conditional_mean_wup,cerebellum|cerebral_cortex|liver|temporal_lobe,uniform,unique_overlap,unique_overlap,0.938275251034,0.2231525
all144,conditional_mean_wup,cerebellum|cerebral_cortex|liver|temporal_lobe,uniform,lookup_micro_f1,f1,0.990118717928,0.2010165
all144,conditional_mean_wup,cerebellum|cerebral_cortex|liver|temporal_lobe,uniform,role_A_lookup_f1,role_min_f1,0.9920618507500676,0.471324
all144,conditional_mean_wup,cerebellum|cerebral_cortex|liver|temporal_lobe,uniform,role_B_lookup_f1,role_max_f1,0.9883249053999148,0.059626
all144,conditional_mean_wup,cerebellum|cerebral_cortex|liver|temporal_lobe,uniform,training_node_total,train_nodes,39197.0,0.010577
all144,conditional_mean_wup,cerebellum|cerebral_cortex|liver|temporal_lobe,uniform,training_edge_total,train_edges,521390.0,0.014653
all144,conditional_mean_wup,cerebellum|cerebral_cortex|pancreas|temporal_lobe,uniform,mean_wup,mean_wup,0.154348335488,0.0
all144,conditional_mean_wup,cerebellum|cerebral_cortex|pancreas|temporal_lobe,uniform,max_wup,max_wup,0.181818181818,0.0
all144,conditional_mean_wup,cerebellum|cerebral_cortex|pancreas|temporal_lobe,uniform,row_overlap,row_overlap,0.975283593102,0.2177845
all144,conditional_mean_wup,cerebellum|cerebral_cortex|pancreas|temporal_lobe,uniform,unique_overlap,unique_overlap,0.952861952862,0.378484
all144,conditional_mean_wup,cerebellum|cerebral_cortex|pancreas|temporal_lobe,uniform,lookup_micro_f1,f1,0.992587921503,0.3421465
all144,conditional_mean_wup,cerebellum|cerebral_cortex|pancreas|temporal_lobe,uniform,role_A_lookup_f1,role_min_f1,0.9920618507500676,0.471324
all144,conditional_mean_wup,cerebellum|cerebral_cortex|pancreas|temporal_lobe,uniform,role_B_lookup_f1,role_max_f1,0.9930802114889826,0.1846275
all144,conditional_mean_wup,cerebellum|cerebral_cortex|pancreas|temporal_lobe,uniform,training_node_total,train_nodes,39197.0,0.010577
all144,conditional_mean_wup,cerebellum|cerebral_cortex|pancreas|temporal_lobe,uniform,training_edge_total,train_edges,521390.0,0.014653
all144,conditional_mean_wup,cerebellum|cerebral_cortex|telencephalon|temporal_lobe,uniform,mean_wup,mean_wup,0.154348335488,0.0
all144,conditional_mean_wup,cerebellum|cerebral_cortex|telencephalon|temporal_lobe,uniform,max_wup,max_wup,0.181818181818,0.0
all144,conditional_mean_wup,cerebellum|cerebral_cortex|telencephalon|temporal_lobe,uniform,row_overlap,row_overlap,0.973548016101,0.187847
all144,conditional_mean_wup,cerebellum|cerebral_cortex|telencephalon|temporal_lobe,uniform,unique_overlap,unique_overlap,0.964848041011,0.542382
all144,conditional_mean_wup,cerebellum|cerebral_cortex|telencephalon|temporal_lobe,uniform,lookup_micro_f1,f1,0.992260234961,0.319499
all144,conditional_mean_wup,cerebellum|cerebral_cortex|telencephalon|temporal_lobe,uniform,role_A_lookup_f1,role_min_f1,0.9920618507500676,0.471324
all144,conditional_mean_wup,cerebellum|cerebral_cortex|telencephalon|temporal_lobe,uniform,role_B_lookup_f1,role_max_f1,0.9924601499420217,0.1587235
all144,conditional_mean_wup,cerebellum|cerebral_cortex|telencephalon|temporal_lobe,uniform,training_node_total,train_nodes,39197.0,0.010577
all144,conditional_mean_wup,cerebellum|cerebral_cortex|telencephalon|temporal_lobe,uniform,training_edge_total,train_edges,521390.0,0.014653
all144,conditional_minimax_wup,cerebellum|cerebral_cortex|fetus|temporal_lobe,uniform,mean_wup,mean_wup,0.154348335488,0.0
all144,conditional_minimax_wup,cerebellum|cerebral_cortex|fetus|temporal_lobe,uniform,max_wup,max_wup,0.181818181818,0.0
all144,conditional_minimax_wup,cerebellum|cerebral_cortex|fetus|temporal_lobe,uniform,row_overlap,row_overlap,0.968874700718,0.12488
all144,conditional_minimax_wup,cerebellum|cerebral_cortex|fetus|temporal_lobe,uniform,unique_overlap,unique_overlap,0.93949486539,0.2342405
all144,conditional_minimax_wup,cerebellum|cerebral_cortex|fetus|temporal_lobe,uniform,lookup_micro_f1,f1,0.990382456403,0.213008
all144,conditional_minimax_wup,cerebellum|cerebral_cortex|fetus|temporal_lobe,uniform,role_A_lookup_f1,role_min_f1,0.9920618507500676,0.471324
all144,conditional_minimax_wup,cerebellum|cerebral_cortex|fetus|temporal_lobe,uniform,role_B_lookup_f1,role_max_f1,0.9888903023364288,0.06788
all144,conditional_minimax_wup,cerebellum|cerebral_cortex|fetus|temporal_lobe,uniform,training_node_total,train_nodes,39197.0,0.010577
all144,conditional_minimax_wup,cerebellum|cerebral_cortex|fetus|temporal_lobe,uniform,training_edge_total,train_edges,521390.0,0.014653
all144,conditional_minimax_wup,cerebellum|cerebral_cortex|forebrain|temporal_lobe,uniform,mean_wup,mean_wup,0.154348335488,0.0
all144,conditional_minimax_wup,cerebellum|cerebral_cortex|forebrain|temporal_lobe,uniform,max_wup,max_wup,0.181818181818,0.0
all144,conditional_minimax_wup,cerebellum|cerebral_cortex|forebrain|temporal_lobe,uniform,row_overlap,row_overlap,0.973241590214,0.1829805
all144,conditional_minimax_wup,cerebellum|cerebral_cortex|forebrain|temporal_lobe,uniform,unique_overlap,unique_overlap,0.963503649635,0.5223915
all144,conditional_minimax_wup,cerebellum|cerebral_cortex|forebrain|temporal_lobe,uniform,lookup_micro_f1,f1,0.992162237829,0.3130415
all144,conditional_minimax_wup,cerebellum|cerebral_cortex|forebrain|temporal_lobe,uniform,role_A_lookup_f1,role_min_f1,0.9920618507500676,0.471324
all144,conditional_minimax_wup,cerebellum|cerebral_cortex|forebrain|temporal_lobe,uniform,role_B_lookup_f1,role_max_f1,0.9922628043549282,0.1512635
all144,conditional_minimax_wup,cerebellum|cerebral_cortex|forebrain|temporal_lobe,uniform,training_node_total,train_nodes,39197.0,0.010577
all144,conditional_minimax_wup,cerebellum|cerebral_cortex|forebrain|temporal_lobe,uniform,training_edge_total,train_edges,521390.0,0.014653
all144,conditional_minimax_wup,cerebellum|cerebral_cortex|liver|temporal_lobe,uniform,mean_wup,mean_wup,0.154348335488,0.0
all144,conditional_minimax_wup,cerebellum|cerebral_cortex|liver|temporal_lobe,uniform,max_wup,max_wup,0.181818181818,0.0
all144,conditional_minimax_wup,cerebellum|cerebral_cortex|liver|temporal_lobe,uniform,row_overlap,row_overlap,0.971038251366,0.1510005
all144,conditional_minimax_wup,cerebellum|cerebral_cortex|liver|temporal_lobe,uniform,unique_overlap,unique_overlap,0.938275251034,0.2231525
all144,conditional_minimax_wup,cerebellum|cerebral_cortex|liver|temporal_lobe,uniform,lookup_micro_f1,f1,0.990118717928,0.2010165
all144,conditional_minimax_wup,cerebellum|cerebral_cortex|liver|temporal_lobe,uniform,role_A_lookup_f1,role_min_f1,0.9920618507500676,0.471324
all144,conditional_minimax_wup,cerebellum|cerebral_cortex|liver|temporal_lobe,uniform,role_B_lookup_f1,role_max_f1,0.9883249053999148,0.059626
all144,conditional_minimax_wup,cerebellum|cerebral_cortex|liver|temporal_lobe,uniform,training_node_total,train_nodes,39197.0,0.010577
all144,conditional_minimax_wup,cerebellum|cerebral_cortex|liver|temporal_lobe,uniform,training_edge_total,train_edges,521390.0,0.014653
all144,conditional_minimax_wup,cerebellum|cerebral_cortex|pancreas|temporal_lobe,uniform,mean_wup,mean_wup,0.154348335488,0.0
all144,conditional_minimax_wup,cerebellum|cerebral_cortex|pancreas|temporal_lobe,uniform,max_wup,max_wup,0.181818181818,0.0
all144,conditional_minimax_wup,cerebellum|cerebral_cortex|pancreas|temporal_lobe,uniform,row_overlap,row_overlap,0.975283593102,0.2177845
all144,conditional_minimax_wup,cerebellum|cerebral_cortex|pancreas|temporal_lobe,uniform,unique_overlap,unique_overlap,0.952861952862,0.378484
all144,conditional_minimax_wup,cerebellum|cerebral_cortex|pancreas|temporal_lobe,uniform,lookup_micro_f1,f1,0.992587921503,0.3421465
all144,conditional_minimax_wup,cerebellum|cerebral_cortex|pancreas|temporal_lobe,uniform,role_A_lookup_f1,role_min_f1,0.9920618507500676,0.471324
all144,conditional_minimax_wup,cerebellum|cerebral_cortex|pancreas|temporal_lobe,uniform,role_B_lookup_f1,role_max_f1,0.9930802114889826,0.1846275
all144,conditional_minimax_wup,cerebellum|cerebral_cortex|pancreas|temporal_lobe,uniform,training_node_total,train_nodes,39197.0,0.010577
all144,conditional_minimax_wup,cerebellum|cerebral_cortex|pancreas|temporal_lobe,uniform,training_edge_total,train_edges,521390.0,0.014653
all144,conditional_minimax_wup,cerebellum|cerebral_cortex|telencephalon|temporal_lobe,uniform,mean_wup,mean_wup,0.154348335488,0.0
all144,conditional_minimax_wup,cerebellum|cerebral_cortex|telencephalon|temporal_lobe,uniform,max_wup,max_wup,0.181818181818,0.0
all144,conditional_minimax_wup,cerebellum|cerebral_cortex|telencephalon|temporal_lobe,uniform,row_overlap,row_overlap,0.973548016101,0.187847
all144,conditional_minimax_wup,cerebellum|cerebral_cortex|telencephalon|temporal_lobe,uniform,unique_overlap,unique_overlap,0.964848041011,0.542382
all144,conditional_minimax_wup,cerebellum|cerebral_cortex|telencephalon|temporal_lobe,uniform,lookup_micro_f1,f1,0.992260234961,0.319499
all144,conditional_minimax_wup,cerebellum|cerebral_cortex|telencephalon|temporal_lobe,uniform,role_A_lookup_f1,role_min_f1,0.9920618507500676,0.471324
all144,conditional_minimax_wup,cerebellum|cerebral_cortex|telencephalon|temporal_lobe,uniform,role_B_lookup_f1,role_max_f1,0.9924601499420217,0.1587235
all144,conditional_minimax_wup,cerebellum|cerebral_cortex|telencephalon|temporal_lobe,uniform,training_node_total,train_nodes,39197.0,0.010577
all144,conditional_minimax_wup,cerebellum|cerebral_cortex|telencephalon|temporal_lobe,uniform,training_edge_total,train_edges,521390.0,0.014653
all144,ancestor_blocked_mean_wup,cerebellum|cerebral_cortex|fetus|temporal_lobe,uniform,mean_wup,mean_wup,0.154348335488,0.0
all144,ancestor_blocked_mean_wup,cerebellum|cerebral_cortex|fetus|temporal_lobe,uniform,max_wup,max_wup,0.181818181818,0.0
all144,ancestor_blocked_mean_wup,cerebellum|cerebral_cortex|fetus|temporal_lobe,uniform,row_overlap,row_overlap,0.968874700718,0.12488
all144,ancestor_blocked_mean_wup,cerebellum|cerebral_cortex|fetus|temporal_lobe,uniform,unique_overlap,unique_overlap,0.93949486539,0.2342405
all144,ancestor_blocked_mean_wup,cerebellum|cerebral_cortex|fetus|temporal_lobe,uniform,lookup_micro_f1,f1,0.990382456403,0.213008
all144,ancestor_blocked_mean_wup,cerebellum|cerebral_cortex|fetus|temporal_lobe,uniform,role_A_lookup_f1,role_min_f1,0.9920618507500676,0.471324
all144,ancestor_blocked_mean_wup,cerebellum|cerebral_cortex|fetus|temporal_lobe,uniform,role_B_lookup_f1,role_max_f1,0.9888903023364288,0.06788
all144,ancestor_blocked_mean_wup,cerebellum|cerebral_cortex|fetus|temporal_lobe,uniform,training_node_total,train_nodes,39197.0,0.010577
all144,ancestor_blocked_mean_wup,cerebellum|cerebral_cortex|fetus|temporal_lobe,uniform,training_edge_total,train_edges,521390.0,0.014653
all144,ancestor_blocked_mean_wup,cerebellum|cerebral_cortex|forebrain|temporal_lobe,uniform,mean_wup,mean_wup,0.154348335488,0.0
all144,ancestor_blocked_mean_wup,cerebellum|cerebral_cortex|forebrain|temporal_lobe,uniform,max_wup,max_wup,0.181818181818,0.0
all144,ancestor_blocked_mean_wup,cerebellum|cerebral_cortex|forebrain|temporal_lobe,uniform,row_overlap,row_overlap,0.973241590214,0.1829805
all144,ancestor_blocked_mean_wup,cerebellum|cerebral_cortex|forebrain|temporal_lobe,uniform,unique_overlap,unique_overlap,0.963503649635,0.5223915
all144,ancestor_blocked_mean_wup,cerebellum|cerebral_cortex|forebrain|temporal_lobe,uniform,lookup_micro_f1,f1,0.992162237829,0.3130415
all144,ancestor_blocked_mean_wup,cerebellum|cerebral_cortex|forebrain|temporal_lobe,uniform,role_A_lookup_f1,role_min_f1,0.9920618507500676,0.471324
all144,ancestor_blocked_mean_wup,cerebellum|cerebral_cortex|forebrain|temporal_lobe,uniform,role_B_lookup_f1,role_max_f1,0.9922628043549282,0.1512635
all144,ancestor_blocked_mean_wup,cerebellum|cerebral_cortex|forebrain|temporal_lobe,uniform,training_node_total,train_nodes,39197.0,0.010577
all144,ancestor_blocked_mean_wup,cerebellum|cerebral_cortex|forebrain|temporal_lobe,uniform,training_edge_total,train_edges,521390.0,0.014653
all144,ancestor_blocked_mean_wup,cerebellum|cerebral_cortex|liver|temporal_lobe,uniform,mean_wup,mean_wup,0.154348335488,0.0
all144,ancestor_blocked_mean_wup,cerebellum|cerebral_cortex|liver|temporal_lobe,uniform,max_wup,max_wup,0.181818181818,0.0
all144,ancestor_blocked_mean_wup,cerebellum|cerebral_cortex|liver|temporal_lobe,uniform,row_overlap,row_overlap,0.971038251366,0.1510005
all144,ancestor_blocked_mean_wup,cerebellum|cerebral_cortex|liver|temporal_lobe,uniform,unique_overlap,unique_overlap,0.938275251034,0.2231525
all144,ancestor_blocked_mean_wup,cerebellum|cerebral_cortex|liver|temporal_lobe,uniform,lookup_micro_f1,f1,0.990118717928,0.2010165
all144,ancestor_blocked_mean_wup,cerebellum|cerebral_cortex|liver|temporal_lobe,uniform,role_A_lookup_f1,role_min_f1,0.9920618507500676,0.471324
all144,ancestor_blocked_mean_wup,cerebellum|cerebral_cortex|liver|temporal_lobe,uniform,role_B_lookup_f1,role_max_f1,0.9883249053999148,0.059626
all144,ancestor_blocked_mean_wup,cerebellum|cerebral_cortex|liver|temporal_lobe,uniform,training_node_total,train_nodes,39197.0,0.010577
all144,ancestor_blocked_mean_wup,cerebellum|cerebral_cortex|liver|temporal_lobe,uniform,training_edge_total,train_edges,521390.0,0.014653
all144,ancestor_blocked_mean_wup,cerebellum|cerebral_cortex|pancreas|temporal_lobe,uniform,mean_wup,mean_wup,0.154348335488,0.0
all144,ancestor_blocked_mean_wup,cerebellum|cerebral_cortex|pancreas|temporal_lobe,uniform,max_wup,max_wup,0.181818181818,0.0
all144,ancestor_blocked_mean_wup,cerebellum|cerebral_cortex|pancreas|temporal_lobe,uniform,row_overlap,row_overlap,0.975283593102,0.2177845
all144,ancestor_blocked_mean_wup,cerebellum|cerebral_cortex|pancreas|temporal_lobe,uniform,unique_overlap,unique_overlap,0.952861952862,0.378484
all144,ancestor_blocked_mean_wup,cerebellum|cerebral_cortex|pancreas|temporal_lobe,uniform,lookup_micro_f1,f1,0.992587921503,0.3421465
all144,ancestor_blocked_mean_wup,cerebellum|cerebral_cortex|pancreas|temporal_lobe,uniform,role_A_lookup_f1,role_min_f1,0.9920618507500676,0.471324
all144,ancestor_blocked_mean_wup,cerebellum|cerebral_cortex|pancreas|temporal_lobe,uniform,role_B_lookup_f1,role_max_f1,0.9930802114889826,0.1846275
all144,ancestor_blocked_mean_wup,cerebellum|cerebral_cortex|pancreas|temporal_lobe,uniform,training_node_total,train_nodes,39197.0,0.010577
all144,ancestor_blocked_mean_wup,cerebellum|cerebral_cortex|pancreas|temporal_lobe,uniform,training_edge_total,train_edges,521390.0,0.014653
all144,ancestor_blocked_mean_wup,cerebellum|cerebral_cortex|telencephalon|temporal_lobe,uniform,mean_wup,mean_wup,0.154348335488,0.0
all144,ancestor_blocked_mean_wup,cerebellum|cerebral_cortex|telencephalon|temporal_lobe,uniform,max_wup,max_wup,0.181818181818,0.0
all144,ancestor_blocked_mean_wup,cerebellum|cerebral_cortex|telencephalon|temporal_lobe,uniform,row_overlap,row_overlap,0.973548016101,0.187847
all144,ancestor_blocked_mean_wup,cerebellum|cerebral_cortex|telencephalon|temporal_lobe,uniform,unique_overlap,unique_overlap,0.964848041011,0.542382
all144,ancestor_blocked_mean_wup,cerebellum|cerebral_cortex|telencephalon|temporal_lobe,uniform,lookup_micro_f1,f1,0.992260234961,0.319499
all144,ancestor_blocked_mean_wup,cerebellum|cerebral_cortex|telencephalon|temporal_lobe,uniform,role_A_lookup_f1,role_min_f1,0.9920618507500676,0.471324
all144,ancestor_blocked_mean_wup,cerebellum|cerebral_cortex|telencephalon|temporal_lobe,uniform,role_B_lookup_f1,role_max_f1,0.9924601499420217,0.1587235
all144,ancestor_blocked_mean_wup,cerebellum|cerebral_cortex|telencephalon|temporal_lobe,uniform,training_node_total,train_nodes,39197.0,0.010577
all144,ancestor_blocked_mean_wup,cerebellum|cerebral_cortex|telencephalon|temporal_lobe,uniform,training_edge_total,train_edges,521390.0,0.014653
all144,branch_distinct_mean_wup,colon|fetus|liver|temporal_lobe,uniform,mean_wup,mean_wup,0.16503816649,0.0
all144,branch_distinct_mean_wup,colon|fetus|liver|temporal_lobe,uniform,max_wup,max_wup,0.2,0.0
all144,branch_distinct_mean_wup,colon|fetus|liver|temporal_lobe,uniform,row_overlap,row_overlap,0.967924214725,0.114867
all144,branch_distinct_mean_wup,colon|fetus|liver|temporal_lobe,uniform,unique_overlap,unique_overlap,0.917517674784,0.092235
all144,branch_distinct_mean_wup,colon|fetus|liver|temporal_lobe,uniform,lookup_micro_f1,f1,0.988602266873,0.143151
all144,branch_distinct_mean_wup,colon|fetus|liver|temporal_lobe,uniform,role_A_lookup_f1,role_min_f1,0.9888713818466248,0.2905175
all144,branch_distinct_mean_wup,colon|fetus|liver|temporal_lobe,uniform,role_B_lookup_f1,role_max_f1,0.9883100480717454,0.0594245
all144,branch_distinct_mean_wup,colon|fetus|liver|temporal_lobe,uniform,training_node_total,train_nodes,39159.0,0.010082
all144,branch_distinct_mean_wup,colon|fetus|liver|temporal_lobe,uniform,training_edge_total,train_edges,521550.0,0.0148215
all144,branch_distinct_mean_wup,colon|fetus|pancreas|temporal_lobe,uniform,mean_wup,mean_wup,0.16503816649,0.0
all144,branch_distinct_mean_wup,colon|fetus|pancreas|temporal_lobe,uniform,max_wup,max_wup,0.2,0.0
all144,branch_distinct_mean_wup,colon|fetus|pancreas|temporal_lobe,uniform,row_overlap,row_overlap,0.97184164075,0.161933
all144,branch_distinct_mean_wup,colon|fetus|pancreas|temporal_lobe,uniform,unique_overlap,unique_overlap,0.926290580096,0.1359465
all144,branch_distinct_mean_wup,colon|fetus|pancreas|temporal_lobe,uniform,lookup_micro_f1,f1,0.990895186578,0.238123
all144,branch_distinct_mean_wup,colon|fetus|pancreas|temporal_lobe,uniform,role_A_lookup_f1,role_min_f1,0.9888713818466248,0.2905175
all144,branch_distinct_mean_wup,colon|fetus|pancreas|temporal_lobe,uniform,role_B_lookup_f1,role_max_f1,0.9931226802691384,0.1865675
all144,branch_distinct_mean_wup,colon|fetus|pancreas|temporal_lobe,uniform,training_node_total,train_nodes,39159.0,0.010082
all144,branch_distinct_mean_wup,colon|fetus|pancreas|temporal_lobe,uniform,training_edge_total,train_edges,521550.0,0.0148215
all144,branch_distinct_minimax_wup,colon|fetus|hematopoietic_stem_cell|liver,uniform,mean_wup,mean_wup,0.166816516817,0.0
all144,branch_distinct_minimax_wup,colon|fetus|hematopoietic_stem_cell|liver,uniform,max_wup,max_wup,0.181818181818,0.0
all144,branch_distinct_minimax_wup,colon|fetus|hematopoietic_stem_cell|liver,uniform,row_overlap,row_overlap,0.955112837894,0.038571
all144,branch_distinct_minimax_wup,colon|fetus|hematopoietic_stem_cell|liver,uniform,unique_overlap,unique_overlap,0.885355219287,0.0201135
all144,branch_distinct_minimax_wup,colon|fetus|hematopoietic_stem_cell|liver,uniform,lookup_micro_f1,f1,0.980444625969,0.026433
all144,branch_distinct_minimax_wup,colon|fetus|hematopoietic_stem_cell|liver,uniform,role_A_lookup_f1,role_min_f1,0.9871590788496233,0.2178965
all144,branch_distinct_minimax_wup,colon|fetus|hematopoietic_stem_cell|liver,uniform,role_B_lookup_f1,role_max_f1,0.9731768179274173,0.003735
all144,branch_distinct_minimax_wup,colon|fetus|hematopoietic_stem_cell|liver,uniform,training_node_total,train_nodes,41157.0,0.082271
all144,branch_distinct_minimax_wup,colon|fetus|hematopoietic_stem_cell|liver,uniform,training_edge_total,train_edges,559009.0,0.0989125
all144,branch_distinct_minimax_wup,colon|fetus|hematopoietic_stem_cell|pancreas,uniform,mean_wup,mean_wup,0.166816516817,0.0
all144,branch_distinct_minimax_wup,colon|fetus|hematopoietic_stem_cell|pancreas,uniform,max_wup,max_wup,0.181818181818,0.0
all144,branch_distinct_minimax_wup,colon|fetus|hematopoietic_stem_cell|pancreas,uniform,row_overlap,row_overlap,0.961705685619,0.0668625
all144,branch_distinct_minimax_wup,colon|fetus|hematopoietic_stem_cell|pancreas,uniform,unique_overlap,unique_overlap,0.898855954238,0.038709
all144,branch_distinct_minimax_wup,colon|fetus|hematopoietic_stem_cell|pancreas,uniform,lookup_micro_f1,f1,0.983832562837,0.051208
all144,branch_distinct_minimax_wup,colon|fetus|hematopoietic_stem_cell|pancreas,uniform,role_A_lookup_f1,role_min_f1,0.9871590788496233,0.2178965
all144,branch_distinct_minimax_wup,colon|fetus|hematopoietic_stem_cell|pancreas,uniform,role_B_lookup_f1,role_max_f1,0.9801915353722582,0.01152
all144,branch_distinct_minimax_wup,colon|fetus|hematopoietic_stem_cell|pancreas,uniform,training_node_total,train_nodes,41157.0,0.082271
all144,branch_distinct_minimax_wup,colon|fetus|hematopoietic_stem_cell|pancreas,uniform,training_edge_total,train_edges,559009.0,0.0989125
all144,branch_distinct_coverall_mean_wup,colon|fetus|liver|temporal_lobe,uniform,mean_wup,mean_wup,0.188327585405,0.0
all144,branch_distinct_coverall_mean_wup,colon|fetus|liver|temporal_lobe,uniform,max_wup,max_wup,0.25,1e-05
all144,branch_distinct_coverall_mean_wup,colon|fetus|liver|temporal_lobe,uniform,row_overlap,row_overlap,0.955376433439,0.039414
all144,branch_distinct_coverall_mean_wup,colon|fetus|liver|temporal_lobe,uniform,unique_overlap,unique_overlap,0.889761717727,0.024999
all144,branch_distinct_coverall_mean_wup,colon|fetus|liver|temporal_lobe,uniform,lookup_micro_f1,f1,0.982326798373,0.037768
all144,branch_distinct_coverall_mean_wup,colon|fetus|liver|temporal_lobe,uniform,role_A_lookup_f1,role_min_f1,0.9790097098869683,0.0529075
all144,branch_distinct_coverall_mean_wup,colon|fetus|liver|temporal_lobe,uniform,role_B_lookup_f1,role_max_f1,0.9859023617101667,0.0348125
all144,branch_distinct_coverall_mean_wup,colon|fetus|liver|temporal_lobe,uniform,training_node_total,train_nodes,36263.0,7.9e-05
all144,branch_distinct_coverall_mean_wup,colon|fetus|liver|temporal_lobe,uniform,training_edge_total,train_edges,464640.0,0.000124
all144,branch_distinct_coverall_mean_wup,colon|fetus|pancreas|temporal_lobe,uniform,mean_wup,mean_wup,0.188327585405,0.0
all144,branch_distinct_coverall_mean_wup,colon|fetus|pancreas|temporal_lobe,uniform,max_wup,max_wup,0.25,1e-05
all144,branch_distinct_coverall_mean_wup,colon|fetus|pancreas|temporal_lobe,uniform,row_overlap,row_overlap,0.95856098176,0.051208
all144,branch_distinct_coverall_mean_wup,colon|fetus|pancreas|temporal_lobe,uniform,unique_overlap,unique_overlap,0.898882384247,0.0387485
all144,branch_distinct_coverall_mean_wup,colon|fetus|pancreas|temporal_lobe,uniform,lookup_micro_f1,f1,0.983961556253,0.052613
all144,branch_distinct_coverall_mean_wup,colon|fetus|pancreas|temporal_lobe,uniform,role_A_lookup_f1,role_min_f1,0.9790097098869683,0.0529075
all144,branch_distinct_coverall_mean_wup,colon|fetus|pancreas|temporal_lobe,uniform,role_B_lookup_f1,role_max_f1,0.9893792131403911,0.0761425
all144,branch_distinct_coverall_mean_wup,colon|fetus|pancreas|temporal_lobe,uniform,training_node_total,train_nodes,36263.0,7.9e-05
all144,branch_distinct_coverall_mean_wup,colon|fetus|pancreas|temporal_lobe,uniform,training_edge_total,train_edges,464640.0,0.000124
all144,branch_distinct_node_stratified_mean_wup,colon|fetus|hematopoietic_stem_cell|liver,uniform,mean_wup,mean_wup,0.169998334998,0.0
all144,branch_distinct_node_stratified_mean_wup,colon|fetus|hematopoietic_stem_cell|liver,uniform,max_wup,max_wup,0.2,0.0
all144,branch_distinct_node_stratified_mean_wup,colon|fetus|hematopoietic_stem_cell|liver,uniform,row_overlap,row_overlap,0.964536661982,0.08541
all144,branch_distinct_node_stratified_mean_wup,colon|fetus|hematopoietic_stem_cell|liver,uniform,unique_overlap,unique_overlap,0.905360348807,0.0524305
all144,branch_distinct_node_stratified_mean_wup,colon|fetus|hematopoietic_stem_cell|liver,uniform,lookup_micro_f1,f1,0.985017777004,0.065508
all144,branch_distinct_node_stratified_mean_wup,colon|fetus|hematopoietic_stem_cell|liver,uniform,role_A_lookup_f1,role_min_f1,0.9899210073588356,0.343556
all144,branch_distinct_node_stratified_mean_wup,colon|fetus|hematopoietic_stem_cell|liver,uniform,role_B_lookup_f1,role_max_f1,0.9797299102210112,0.010604
all144,branch_distinct_node_stratified_mean_wup,colon|fetus|hematopoietic_stem_cell|liver,uniform,training_node_total,train_nodes,43958.0,0.4413255
all144,branch_distinct_node_stratified_mean_wup,colon|fetus|hematopoietic_stem_cell|liver,uniform,training_edge_total,train_edges,617258.0,0.509147
all144,branch_distinct_node_stratified_mean_wup,colon|fetus|hematopoietic_stem_cell|liver,matched_stratified,mean_wup,mean_wup,0.169998334998,0.0
all144,branch_distinct_node_stratified_mean_wup,colon|fetus|hematopoietic_stem_cell|liver,matched_stratified,max_wup,max_wup,0.2,0.0
all144,branch_distinct_node_stratified_mean_wup,colon|fetus|hematopoietic_stem_cell|liver,matched_stratified,row_overlap,row_overlap,0.964536661982,0.0709355
all144,branch_distinct_node_stratified_mean_wup,colon|fetus|hematopoietic_stem_cell|liver,matched_stratified,unique_overlap,unique_overlap,0.905360348807,0.029971
all144,branch_distinct_node_stratified_mean_wup,colon|fetus|hematopoietic_stem_cell|liver,matched_stratified,lookup_micro_f1,f1,0.985017777004,0.04581
all144,branch_distinct_node_stratified_mean_wup,colon|fetus|hematopoietic_stem_cell|liver,matched_stratified,role_A_lookup_f1,role_min_f1,0.9899210073588356,0.460108
all144,branch_distinct_node_stratified_mean_wup,colon|fetus|hematopoietic_stem_cell|liver,matched_stratified,role_B_lookup_f1,role_max_f1,0.9797299102210112,0.001358
all144,branch_distinct_node_stratified_mean_wup,colon|fetus|hematopoietic_stem_cell|liver,matched_stratified,training_node_total,train_nodes,43958.0,0.077666
all144,branch_distinct_node_stratified_mean_wup,colon|fetus|hematopoietic_stem_cell|liver,matched_stratified,training_edge_total,train_edges,617258.0,0.178189
all144,branch_distinct_node_stratified_mean_wup,colon|fetus|hematopoietic_stem_cell|pancreas,uniform,mean_wup,mean_wup,0.169998334998,0.0
all144,branch_distinct_node_stratified_mean_wup,colon|fetus|hematopoietic_stem_cell|pancreas,uniform,max_wup,max_wup,0.2,0.0
all144,branch_distinct_node_stratified_mean_wup,colon|fetus|hematopoietic_stem_cell|pancreas,uniform,row_overlap,row_overlap,0.969648829431,0.133711
all144,branch_distinct_node_stratified_mean_wup,colon|fetus|hematopoietic_stem_cell|pancreas,uniform,unique_overlap,unique_overlap,0.916276651066,0.087124
all144,branch_distinct_node_stratified_mean_wup,colon|fetus|hematopoietic_stem_cell|pancreas,uniform,lookup_micro_f1,f1,0.987728734508,0.1178925
all144,branch_distinct_node_stratified_mean_wup,colon|fetus|hematopoietic_stem_cell|pancreas,uniform,role_A_lookup_f1,role_min_f1,0.9899210073588356,0.343556
all144,branch_distinct_node_stratified_mean_wup,colon|fetus|hematopoietic_stem_cell|pancreas,uniform,role_B_lookup_f1,role_max_f1,0.9853347628087225,0.030883
all144,branch_distinct_node_stratified_mean_wup,colon|fetus|hematopoietic_stem_cell|pancreas,uniform,training_node_total,train_nodes,43958.0,0.4413255
all144,branch_distinct_node_stratified_mean_wup,colon|fetus|hematopoietic_stem_cell|pancreas,uniform,training_edge_total,train_edges,617258.0,0.509147
all144,branch_distinct_node_stratified_mean_wup,colon|fetus|hematopoietic_stem_cell|pancreas,matched_stratified,mean_wup,mean_wup,0.169998334998,0.0
all144,branch_distinct_node_stratified_mean_wup,colon|fetus|hematopoietic_stem_cell|pancreas,matched_stratified,max_wup,max_wup,0.2,0.0
all144,branch_distinct_node_stratified_mean_wup,colon|fetus|hematopoietic_stem_cell|pancreas,matched_stratified,row_overlap,row_overlap,0.969648829431,0.146081
all144,branch_distinct_node_stratified_mean_wup,colon|fetus|hematopoietic_stem_cell|pancreas,matched_stratified,unique_overlap,unique_overlap,0.916276651066,0.074408
all144,branch_distinct_node_stratified_mean_wup,colon|fetus|hematopoietic_stem_cell|pancreas,matched_stratified,lookup_micro_f1,f1,0.987728734508,0.1256855
all144,branch_distinct_node_stratified_mean_wup,colon|fetus|hematopoietic_stem_cell|pancreas,matched_stratified,role_A_lookup_f1,role_min_f1,0.9899210073588356,0.460108
all144,branch_distinct_node_stratified_mean_wup,colon|fetus|hematopoietic_stem_cell|pancreas,matched_stratified,role_B_lookup_f1,role_max_f1,0.9853347628087225,0.0133055
all144,branch_distinct_node_stratified_mean_wup,colon|fetus|hematopoietic_stem_cell|pancreas,matched_stratified,training_node_total,train_nodes,43958.0,0.077666
all144,branch_distinct_node_stratified_mean_wup,colon|fetus|hematopoietic_stem_cell|pancreas,matched_stratified,training_edge_total,train_edges,617258.0,0.178189
all144,branch_distinct_node_stratified_minimax_wup,colon|fetus|hematopoietic_stem_cell|liver,uniform,mean_wup,mean_wup,0.169998334998,0.0
all144,branch_distinct_node_stratified_minimax_wup,colon|fetus|hematopoietic_stem_cell|liver,uniform,max_wup,max_wup,0.2,0.0
all144,branch_distinct_node_stratified_minimax_wup,colon|fetus|hematopoietic_stem_cell|liver,uniform,row_overlap,row_overlap,0.964536661982,0.08541
all144,branch_distinct_node_stratified_minimax_wup,colon|fetus|hematopoietic_stem_cell|liver,uniform,unique_overlap,unique_overlap,0.905360348807,0.0524305
all144,branch_distinct_node_stratified_minimax_wup,colon|fetus|hematopoietic_stem_cell|liver,uniform,lookup_micro_f1,f1,0.985017777004,0.065508
all144,branch_distinct_node_stratified_minimax_wup,colon|fetus|hematopoietic_stem_cell|liver,uniform,role_A_lookup_f1,role_min_f1,0.9899210073588356,0.343556
all144,branch_distinct_node_stratified_minimax_wup,colon|fetus|hematopoietic_stem_cell|liver,uniform,role_B_lookup_f1,role_max_f1,0.9797299102210112,0.010604
all144,branch_distinct_node_stratified_minimax_wup,colon|fetus|hematopoietic_stem_cell|liver,uniform,training_node_total,train_nodes,43958.0,0.4413255
all144,branch_distinct_node_stratified_minimax_wup,colon|fetus|hematopoietic_stem_cell|liver,uniform,training_edge_total,train_edges,617258.0,0.509147
all144,branch_distinct_node_stratified_minimax_wup,colon|fetus|hematopoietic_stem_cell|liver,matched_stratified,mean_wup,mean_wup,0.169998334998,0.0
all144,branch_distinct_node_stratified_minimax_wup,colon|fetus|hematopoietic_stem_cell|liver,matched_stratified,max_wup,max_wup,0.2,0.0
all144,branch_distinct_node_stratified_minimax_wup,colon|fetus|hematopoietic_stem_cell|liver,matched_stratified,row_overlap,row_overlap,0.964536661982,0.0709355
all144,branch_distinct_node_stratified_minimax_wup,colon|fetus|hematopoietic_stem_cell|liver,matched_stratified,unique_overlap,unique_overlap,0.905360348807,0.029971
all144,branch_distinct_node_stratified_minimax_wup,colon|fetus|hematopoietic_stem_cell|liver,matched_stratified,lookup_micro_f1,f1,0.985017777004,0.04581
all144,branch_distinct_node_stratified_minimax_wup,colon|fetus|hematopoietic_stem_cell|liver,matched_stratified,role_A_lookup_f1,role_min_f1,0.9899210073588356,0.460108
all144,branch_distinct_node_stratified_minimax_wup,colon|fetus|hematopoietic_stem_cell|liver,matched_stratified,role_B_lookup_f1,role_max_f1,0.9797299102210112,0.001358
all144,branch_distinct_node_stratified_minimax_wup,colon|fetus|hematopoietic_stem_cell|liver,matched_stratified,training_node_total,train_nodes,43958.0,0.077666
all144,branch_distinct_node_stratified_minimax_wup,colon|fetus|hematopoietic_stem_cell|liver,matched_stratified,training_edge_total,train_edges,617258.0,0.178189
all144,branch_distinct_node_stratified_minimax_wup,colon|fetus|hematopoietic_stem_cell|pancreas,uniform,mean_wup,mean_wup,0.169998334998,0.0
all144,branch_distinct_node_stratified_minimax_wup,colon|fetus|hematopoietic_stem_cell|pancreas,uniform,max_wup,max_wup,0.2,0.0
all144,branch_distinct_node_stratified_minimax_wup,colon|fetus|hematopoietic_stem_cell|pancreas,uniform,row_overlap,row_overlap,0.969648829431,0.133711
all144,branch_distinct_node_stratified_minimax_wup,colon|fetus|hematopoietic_stem_cell|pancreas,uniform,unique_overlap,unique_overlap,0.916276651066,0.087124
all144,branch_distinct_node_stratified_minimax_wup,colon|fetus|hematopoietic_stem_cell|pancreas,uniform,lookup_micro_f1,f1,0.987728734508,0.1178925
all144,branch_distinct_node_stratified_minimax_wup,colon|fetus|hematopoietic_stem_cell|pancreas,uniform,role_A_lookup_f1,role_min_f1,0.9899210073588356,0.343556
all144,branch_distinct_node_stratified_minimax_wup,colon|fetus|hematopoietic_stem_cell|pancreas,uniform,role_B_lookup_f1,role_max_f1,0.9853347628087225,0.030883
all144,branch_distinct_node_stratified_minimax_wup,colon|fetus|hematopoietic_stem_cell|pancreas,uniform,training_node_total,train_nodes,43958.0,0.4413255
all144,branch_distinct_node_stratified_minimax_wup,colon|fetus|hematopoietic_stem_cell|pancreas,uniform,training_edge_total,train_edges,617258.0,0.509147
all144,branch_distinct_node_stratified_minimax_wup,colon|fetus|hematopoietic_stem_cell|pancreas,matched_stratified,mean_wup,mean_wup,0.169998334998,0.0
all144,branch_distinct_node_stratified_minimax_wup,colon|fetus|hematopoietic_stem_cell|pancreas,matched_stratified,max_wup,max_wup,0.2,0.0
all144,branch_distinct_node_stratified_minimax_wup,colon|fetus|hematopoietic_stem_cell|pancreas,matched_stratified,row_overlap,row_overlap,0.969648829431,0.146081
all144,branch_distinct_node_stratified_minimax_wup,colon|fetus|hematopoietic_stem_cell|pancreas,matched_stratified,unique_overlap,unique_overlap,0.916276651066,0.074408
all144,branch_distinct_node_stratified_minimax_wup,colon|fetus|hematopoietic_stem_cell|pancreas,matched_stratified,lookup_micro_f1,f1,0.987728734508,0.1256855
all144,branch_distinct_node_stratified_minimax_wup,colon|fetus|hematopoietic_stem_cell|pancreas,matched_stratified,role_A_lookup_f1,role_min_f1,0.9899210073588356,0.460108
all144,branch_distinct_node_stratified_minimax_wup,colon|fetus|hematopoietic_stem_cell|pancreas,matched_stratified,role_B_lookup_f1,role_max_f1,0.9853347628087225,0.0133055
all144,branch_distinct_node_stratified_minimax_wup,colon|fetus|hematopoietic_stem_cell|pancreas,matched_stratified,training_node_total,train_nodes,43958.0,0.077666
all144,branch_distinct_node_stratified_minimax_wup,colon|fetus|hematopoietic_stem_cell|pancreas,matched_stratified,training_edge_total,train_edges,617258.0,0.178189
leaf107,conditional_mean_wup,fetus|forebrain|pancreas|temporal_lobe,uniform,mean_wup,mean_wup,0.169002119204,0.0
leaf107,conditional_mean_wup,fetus|forebrain|pancreas|temporal_lobe,uniform,max_wup,max_wup,0.2,0.0
leaf107,conditional_mean_wup,fetus|forebrain|pancreas|temporal_lobe,uniform,row_overlap,row_overlap,0.942827973456,0.099776
leaf107,conditional_mean_wup,fetus|forebrain|pancreas|temporal_lobe,uniform,unique_overlap,unique_overlap,0.883021933387,0.1254945
leaf107,conditional_mean_wup,fetus|forebrain|pancreas|temporal_lobe,uniform,lookup_micro_f1,f1,0.980555835129,0.155604
leaf107,conditional_mean_wup,fetus|forebrain|pancreas|temporal_lobe,uniform,role_A_lookup_f1,role_min_f1,0.9728573082643819,0.1228805
leaf107,conditional_mean_wup,fetus|forebrain|pancreas|temporal_lobe,uniform,role_B_lookup_f1,role_max_f1,0.9897619827404869,0.292121
leaf107,conditional_mean_wup,fetus|forebrain|pancreas|temporal_lobe,uniform,training_node_total,train_nodes,36967.0,0.0240525
leaf107,conditional_mean_wup,fetus|forebrain|pancreas|temporal_lobe,uniform,training_edge_total,train_edges,481288.0,0.0432215
leaf107,conditional_minimax_wup,fetus|forebrain|pancreas|temporal_lobe,uniform,mean_wup,mean_wup,0.169002119204,0.0
leaf107,conditional_minimax_wup,fetus|forebrain|pancreas|temporal_lobe,uniform,max_wup,max_wup,0.2,0.0
leaf107,conditional_minimax_wup,fetus|forebrain|pancreas|temporal_lobe,uniform,row_overlap,row_overlap,0.942827973456,0.099776
leaf107,conditional_minimax_wup,fetus|forebrain|pancreas|temporal_lobe,uniform,unique_overlap,unique_overlap,0.883021933387,0.1254945
leaf107,conditional_minimax_wup,fetus|forebrain|pancreas|temporal_lobe,uniform,lookup_micro_f1,f1,0.980555835129,0.155604
leaf107,conditional_minimax_wup,fetus|forebrain|pancreas|temporal_lobe,uniform,role_A_lookup_f1,role_min_f1,0.9728573082643819,0.1228805
leaf107,conditional_minimax_wup,fetus|forebrain|pancreas|temporal_lobe,uniform,role_B_lookup_f1,role_max_f1,0.9897619827404869,0.292121
leaf107,conditional_minimax_wup,fetus|forebrain|pancreas|temporal_lobe,uniform,training_node_total,train_nodes,36967.0,0.0240525
leaf107,conditional_minimax_wup,fetus|forebrain|pancreas|temporal_lobe,uniform,training_edge_total,train_edges,481288.0,0.0432215
leaf107,ancestor_blocked_mean_wup,fetus|forebrain|pancreas|temporal_lobe,uniform,mean_wup,mean_wup,0.169002119204,0.0
leaf107,ancestor_blocked_mean_wup,fetus|forebrain|pancreas|temporal_lobe,uniform,max_wup,max_wup,0.2,0.0
leaf107,ancestor_blocked_mean_wup,fetus|forebrain|pancreas|temporal_lobe,uniform,row_overlap,row_overlap,0.942827973456,0.099776
leaf107,ancestor_blocked_mean_wup,fetus|forebrain|pancreas|temporal_lobe,uniform,unique_overlap,unique_overlap,0.883021933387,0.1254945
leaf107,ancestor_blocked_mean_wup,fetus|forebrain|pancreas|temporal_lobe,uniform,lookup_micro_f1,f1,0.980555835129,0.155604
leaf107,ancestor_blocked_mean_wup,fetus|forebrain|pancreas|temporal_lobe,uniform,role_A_lookup_f1,role_min_f1,0.9728573082643819,0.1228805
leaf107,ancestor_blocked_mean_wup,fetus|forebrain|pancreas|temporal_lobe,uniform,role_B_lookup_f1,role_max_f1,0.9897619827404869,0.292121
leaf107,ancestor_blocked_mean_wup,fetus|forebrain|pancreas|temporal_lobe,uniform,training_node_total,train_nodes,36967.0,0.0240525
leaf107,ancestor_blocked_mean_wup,fetus|forebrain|pancreas|temporal_lobe,uniform,training_edge_total,train_edges,481288.0,0.0432215
leaf107,branch_distinct_mean_wup,colon|fetus|pancreas|temporal_lobe,uniform,mean_wup,mean_wup,0.169821300024,0.0
leaf107,branch_distinct_mean_wup,colon|fetus|pancreas|temporal_lobe,uniform,max_wup,max_wup,0.2,0.0
leaf107,branch_distinct_mean_wup,colon|fetus|pancreas|temporal_lobe,uniform,row_overlap,row_overlap,0.936454568379,0.0739575
leaf107,branch_distinct_mean_wup,colon|fetus|pancreas|temporal_lobe,uniform,unique_overlap,unique_overlap,0.868014901543,0.0788665
leaf107,branch_distinct_mean_wup,colon|fetus|pancreas|temporal_lobe,uniform,lookup_micro_f1,f1,0.976298252383,0.1018065
leaf107,branch_distinct_mean_wup,colon|fetus|pancreas|temporal_lobe,uniform,role_A_lookup_f1,role_min_f1,0.971072835164936,0.106656
leaf107,branch_distinct_mean_wup,colon|fetus|pancreas|temporal_lobe,uniform,role_B_lookup_f1,role_max_f1,0.9820124666073019,0.1052315
leaf107,branch_distinct_mean_wup,colon|fetus|pancreas|temporal_lobe,uniform,training_node_total,train_nodes,37647.0,0.0572735
leaf107,branch_distinct_mean_wup,colon|fetus|pancreas|temporal_lobe,uniform,training_edge_total,train_edges,490846.0,0.0768945
leaf107,branch_distinct_minimax_wup,colon|fetus|pancreas|temporal_lobe,uniform,mean_wup,mean_wup,0.169821300024,0.0
leaf107,branch_distinct_minimax_wup,colon|fetus|pancreas|temporal_lobe,uniform,max_wup,max_wup,0.2,0.0
leaf107,branch_distinct_minimax_wup,colon|fetus|pancreas|temporal_lobe,uniform,row_overlap,row_overlap,0.936454568379,0.0739575
leaf107,branch_distinct_minimax_wup,colon|fetus|pancreas|temporal_lobe,uniform,unique_overlap,unique_overlap,0.868014901543,0.0788665
leaf107,branch_distinct_minimax_wup,colon|fetus|pancreas|temporal_lobe,uniform,lookup_micro_f1,f1,0.976298252383,0.1018065
leaf107,branch_distinct_minimax_wup,colon|fetus|pancreas|temporal_lobe,uniform,role_A_lookup_f1,role_min_f1,0.971072835164936,0.106656
leaf107,branch_distinct_minimax_wup,colon|fetus|pancreas|temporal_lobe,uniform,role_B_lookup_f1,role_max_f1,0.9820124666073019,0.1052315
leaf107,branch_distinct_minimax_wup,colon|fetus|pancreas|temporal_lobe,uniform,training_node_total,train_nodes,37647.0,0.0572735
leaf107,branch_distinct_minimax_wup,colon|fetus|pancreas|temporal_lobe,uniform,training_edge_total,train_edges,490846.0,0.0768945
leaf107,branch_distinct_coverall_mean_wup,colon|fetus|pancreas|temporal_lobe,uniform,mean_wup,mean_wup,0.189014814842,0.0
leaf107,branch_distinct_coverall_mean_wup,colon|fetus|pancreas|temporal_lobe,uniform,max_wup,max_wup,0.25,6.5e-06
leaf107,branch_distinct_coverall_mean_wup,colon|fetus|pancreas|temporal_lobe,uniform,row_overlap,row_overlap,0.961586954694,0.245763
leaf107,branch_distinct_coverall_mean_wup,colon|fetus|pancreas|temporal_lobe,uniform,unique_overlap,unique_overlap,0.904204364023,0.226469
leaf107,branch_distinct_coverall_mean_wup,colon|fetus|pancreas|temporal_lobe,uniform,lookup_micro_f1,f1,0.985082782362,0.2615575
leaf107,branch_distinct_coverall_mean_wup,colon|fetus|pancreas|temporal_lobe,uniform,role_A_lookup_f1,role_min_f1,0.9803140656682761,0.241728
leaf107,branch_distinct_coverall_mean_wup,colon|fetus|pancreas|temporal_lobe,uniform,role_B_lookup_f1,role_max_f1,0.9903019868735974,0.3174565
leaf107,branch_distinct_coverall_mean_wup,colon|fetus|pancreas|temporal_lobe,uniform,training_node_total,train_nodes,36411.0,0.010485
leaf107,branch_distinct_coverall_mean_wup,colon|fetus|pancreas|temporal_lobe,uniform,training_edge_total,train_edges,466870.0,0.0156305
leaf107,branch_distinct_node_stratified_mean_wup,colon|fetus|hematopoietic_stem_cell|pancreas,uniform,mean_wup,mean_wup,0.172609057609,0.0
leaf107,branch_distinct_node_stratified_mean_wup,colon|fetus|hematopoietic_stem_cell|pancreas,uniform,max_wup,max_wup,0.2,0.0
leaf107,branch_distinct_node_stratified_mean_wup,colon|fetus|hematopoietic_stem_cell|pancreas,uniform,row_overlap,row_overlap,0.933361204013,0.063547
leaf107,branch_distinct_node_stratified_mean_wup,colon|fetus|hematopoietic_stem_cell|pancreas,uniform,unique_overlap,unique_overlap,0.854394175767,0.0474515
leaf107,branch_distinct_node_stratified_mean_wup,colon|fetus|hematopoietic_stem_cell|pancreas,uniform,lookup_micro_f1,f1,0.97211414058,0.068204
leaf107,branch_distinct_node_stratified_mean_wup,colon|fetus|hematopoietic_stem_cell|pancreas,uniform,role_A_lookup_f1,role_min_f1,0.9711082363087538,0.1069395
leaf107,branch_distinct_node_stratified_mean_wup,colon|fetus|hematopoietic_stem_cell|pancreas,uniform,role_B_lookup_f1,role_max_f1,0.9732053987339252,0.036488
leaf107,branch_distinct_node_stratified_mean_wup,colon|fetus|hematopoietic_stem_cell|pancreas,uniform,training_node_total,train_nodes,40713.0,0.5496145
leaf107,branch_distinct_node_stratified_mean_wup,colon|fetus|hematopoietic_stem_cell|pancreas,uniform,training_edge_total,train_edges,553047.0,0.628779
leaf107,branch_distinct_node_stratified_mean_wup,colon|fetus|hematopoietic_stem_cell|pancreas,matched_stratified,mean_wup,mean_wup,0.172609057609,0.0
leaf107,branch_distinct_node_stratified_mean_wup,colon|fetus|hematopoietic_stem_cell|pancreas,matched_stratified,max_wup,max_wup,0.2,0.0
leaf107,branch_distinct_node_stratified_mean_wup,colon|fetus|hematopoietic_stem_cell|pancreas,matched_stratified,row_overlap,row_overlap,0.933361204013,0.0086155
leaf107,branch_distinct_node_stratified_mean_wup,colon|fetus|hematopoietic_stem_cell|pancreas,matched_stratified,unique_overlap,unique_overlap,0.854394175767,0.003808
leaf107,branch_distinct_node_stratified_mean_wup,colon|fetus|hematopoietic_stem_cell|pancreas,matched_stratified,lookup_micro_f1,f1,0.97211414058,0.008646
leaf107,branch_distinct_node_stratified_mean_wup,colon|fetus|hematopoietic_stem_cell|pancreas,matched_stratified,role_A_lookup_f1,role_min_f1,0.9711082363087538,0.018213
leaf107,branch_distinct_node_stratified_mean_wup,colon|fetus|hematopoietic_stem_cell|pancreas,matched_stratified,role_B_lookup_f1,role_max_f1,0.9732053987339252,0.005148
leaf107,branch_distinct_node_stratified_mean_wup,colon|fetus|hematopoietic_stem_cell|pancreas,matched_stratified,training_node_total,train_nodes,40713.0,0.0294805
leaf107,branch_distinct_node_stratified_mean_wup,colon|fetus|hematopoietic_stem_cell|pancreas,matched_stratified,training_edge_total,train_edges,553047.0,0.092722
leaf107,branch_distinct_node_stratified_minimax_wup,colon|fetus|hematopoietic_stem_cell|pancreas,uniform,mean_wup,mean_wup,0.172609057609,0.0
leaf107,branch_distinct_node_stratified_minimax_wup,colon|fetus|hematopoietic_stem_cell|pancreas,uniform,max_wup,max_wup,0.2,0.0
leaf107,branch_distinct_node_stratified_minimax_wup,colon|fetus|hematopoietic_stem_cell|pancreas,uniform,row_overlap,row_overlap,0.933361204013,0.063547
leaf107,branch_distinct_node_stratified_minimax_wup,colon|fetus|hematopoietic_stem_cell|pancreas,uniform,unique_overlap,unique_overlap,0.854394175767,0.0474515
leaf107,branch_distinct_node_stratified_minimax_wup,colon|fetus|hematopoietic_stem_cell|pancreas,uniform,lookup_micro_f1,f1,0.97211414058,0.068204
leaf107,branch_distinct_node_stratified_minimax_wup,colon|fetus|hematopoietic_stem_cell|pancreas,uniform,role_A_lookup_f1,role_min_f1,0.9711082363087538,0.1069395
leaf107,branch_distinct_node_stratified_minimax_wup,colon|fetus|hematopoietic_stem_cell|pancreas,uniform,role_B_lookup_f1,role_max_f1,0.9732053987339252,0.036488
leaf107,branch_distinct_node_stratified_minimax_wup,colon|fetus|hematopoietic_stem_cell|pancreas,uniform,training_node_total,train_nodes,40713.0,0.5496145
leaf107,branch_distinct_node_stratified_minimax_wup,colon|fetus|hematopoietic_stem_cell|pancreas,uniform,training_edge_total,train_edges,553047.0,0.628779
leaf107,branch_distinct_node_stratified_minimax_wup,colon|fetus|hematopoietic_stem_cell|pancreas,matched_stratified,mean_wup,mean_wup,0.172609057609,0.0
leaf107,branch_distinct_node_stratified_minimax_wup,colon|fetus|hematopoietic_stem_cell|pancreas,matched_stratified,max_wup,max_wup,0.2,0.0
leaf107,branch_distinct_node_stratified_minimax_wup,colon|fetus|hematopoietic_stem_cell|pancreas,matched_stratified,row_overlap,row_overlap,0.933361204013,0.0086155
leaf107,branch_distinct_node_stratified_minimax_wup,colon|fetus|hematopoietic_stem_cell|pancreas,matched_stratified,unique_overlap,unique_overlap,0.854394175767,0.003808
leaf107,branch_distinct_node_stratified_minimax_wup,colon|fetus|hematopoietic_stem_cell|pancreas,matched_stratified,lookup_micro_f1,f1,0.97211414058,0.008646
leaf107,branch_distinct_node_stratified_minimax_wup,colon|fetus|hematopoietic_stem_cell|pancreas,matched_stratified,role_A_lookup_f1,role_min_f1,0.9711082363087538,0.018213
leaf107,branch_distinct_node_stratified_minimax_wup,colon|fetus|hematopoietic_stem_cell|pancreas,matched_stratified,role_B_lookup_f1,role_max_f1,0.9732053987339252,0.005148
leaf107,branch_distinct_node_stratified_minimax_wup,colon|fetus|hematopoietic_stem_cell|pancreas,matched_stratified,training_node_total,train_nodes,40713.0,0.0294805
leaf107,branch_distinct_node_stratified_minimax_wup,colon|fetus|hematopoietic_stem_cell|pancreas,matched_stratified,training_edge_total,train_edges,553047.0,0.092722
leaf107,branch_distinct_coverall_node_stratified_mean_wup,colon|pancreas|prostate_gland|temporal_lobe,uniform,mean_wup,mean_wup,0.194151577589,3e-06
leaf107,branch_distinct_coverall_node_stratified_mean_wup,colon|pancreas|prostate_gland|temporal_lobe,uniform,max_wup,max_wup,0.25,6.5e-06
leaf107,branch_distinct_coverall_node_stratified_mean_wup,colon|pancreas|prostate_gland|temporal_lobe,uniform,row_overlap,row_overlap,0.989475577944,0.93335
leaf107,branch_distinct_coverall_node_stratified_mean_wup,colon|pancreas|prostate_gland|temporal_lobe,uniform,unique_overlap,unique_overlap,0.971562591615,0.9409805
leaf107,branch_distinct_coverall_node_stratified_mean_wup,colon|pancreas|prostate_gland|temporal_lobe,uniform,lookup_micro_f1,f1,0.9954782712,0.910238
leaf107,branch_distinct_coverall_node_stratified_mean_wup,colon|pancreas|prostate_gland|temporal_lobe,uniform,role_A_lookup_f1,role_min_f1,0.9946203534913213,0.9258475
leaf107,branch_distinct_coverall_node_stratified_mean_wup,colon|pancreas|prostate_gland|temporal_lobe,uniform,role_B_lookup_f1,role_max_f1,0.9963348946715007,0.7971385
leaf107,branch_distinct_coverall_node_stratified_mean_wup,colon|pancreas|prostate_gland|temporal_lobe,uniform,training_node_total,train_nodes,42350.0,0.83964
leaf107,branch_distinct_coverall_node_stratified_mean_wup,colon|pancreas|prostate_gland|temporal_lobe,uniform,training_edge_total,train_edges,575499.0,0.82535
leaf107,branch_distinct_coverall_node_stratified_mean_wup,colon|pancreas|prostate_gland|temporal_lobe,matched_stratified,mean_wup,mean_wup,0.194151577589,0.0001435
leaf107,branch_distinct_coverall_node_stratified_mean_wup,colon|pancreas|prostate_gland|temporal_lobe,matched_stratified,max_wup,max_wup,0.25,0.018173
leaf107,branch_distinct_coverall_node_stratified_mean_wup,colon|pancreas|prostate_gland|temporal_lobe,matched_stratified,row_overlap,row_overlap,0.989475577944,0.9377845
leaf107,branch_distinct_coverall_node_stratified_mean_wup,colon|pancreas|prostate_gland|temporal_lobe,matched_stratified,unique_overlap,unique_overlap,0.971562591615,0.946033
leaf107,branch_distinct_coverall_node_stratified_mean_wup,colon|pancreas|prostate_gland|temporal_lobe,matched_stratified,lookup_micro_f1,f1,0.9954782712,0.910387
leaf107,branch_distinct_coverall_node_stratified_mean_wup,colon|pancreas|prostate_gland|temporal_lobe,matched_stratified,role_A_lookup_f1,role_min_f1,0.9946203534913213,0.9145585
leaf107,branch_distinct_coverall_node_stratified_mean_wup,colon|pancreas|prostate_gland|temporal_lobe,matched_stratified,role_B_lookup_f1,role_max_f1,0.9963348946715007,0.8123985
leaf107,branch_distinct_coverall_node_stratified_mean_wup,colon|pancreas|prostate_gland|temporal_lobe,matched_stratified,training_node_total,train_nodes,42350.0,0.8522655
leaf107,branch_distinct_coverall_node_stratified_mean_wup,colon|pancreas|prostate_gland|temporal_lobe,matched_stratified,training_edge_total,train_edges,575499.0,0.78144
leaf107,branch_distinct_coverall_node_stratified_mean_wup,colon|pancreas|temporal_lobe|testis,uniform,mean_wup,mean_wup,0.194151577589,3e-06
leaf107,branch_distinct_coverall_node_stratified_mean_wup,colon|pancreas|temporal_lobe|testis,uniform,max_wup,max_wup,0.25,6.5e-06
leaf107,branch_distinct_coverall_node_stratified_mean_wup,colon|pancreas|temporal_lobe|testis,uniform,row_overlap,row_overlap,0.984102026555,0.7793205
leaf107,branch_distinct_coverall_node_stratified_mean_wup,colon|pancreas|temporal_lobe|testis,uniform,unique_overlap,unique_overlap,0.958085528179,0.792692
leaf107,branch_distinct_coverall_node_stratified_mean_wup,colon|pancreas|temporal_lobe|testis,uniform,lookup_micro_f1,f1,0.993282039295,0.7509125
leaf107,branch_distinct_coverall_node_stratified_mean_wup,colon|pancreas|temporal_lobe|testis,uniform,role_A_lookup_f1,role_min_f1,0.9958465311127005,0.9687855
leaf107,branch_distinct_coverall_node_stratified_mean_wup,colon|pancreas|temporal_lobe|testis,uniform,role_B_lookup_f1,role_max_f1,0.9909699528116126,0.3525615
leaf107,branch_distinct_coverall_node_stratified_mean_wup,colon|pancreas|temporal_lobe|testis,uniform,training_node_total,train_nodes,42350.0,0.83964
leaf107,branch_distinct_coverall_node_stratified_mean_wup,colon|pancreas|temporal_lobe|testis,uniform,training_edge_total,train_edges,575499.0,0.82535
leaf107,branch_distinct_coverall_node_stratified_mean_wup,colon|pancreas|temporal_lobe|testis,matched_stratified,mean_wup,mean_wup,0.194151577589,0.0001435
leaf107,branch_distinct_coverall_node_stratified_mean_wup,colon|pancreas|temporal_lobe|testis,matched_stratified,max_wup,max_wup,0.25,0.018173
leaf107,branch_distinct_coverall_node_stratified_mean_wup,colon|pancreas|temporal_lobe|testis,matched_stratified,row_overlap,row_overlap,0.984102026555,0.7305505
leaf107,branch_distinct_coverall_node_stratified_mean_wup,colon|pancreas|temporal_lobe|testis,matched_stratified,unique_overlap,unique_overlap,0.958085528179,0.7394
leaf107,branch_distinct_coverall_node_stratified_mean_wup,colon|pancreas|temporal_lobe|testis,matched_stratified,lookup_micro_f1,f1,0.993282039295,0.705124
leaf107,branch_distinct_coverall_node_stratified_mean_wup,colon|pancreas|temporal_lobe|testis,matched_stratified,role_A_lookup_f1,role_min_f1,0.9958465311127005,0.9712685
leaf107,branch_distinct_coverall_node_stratified_mean_wup,colon|pancreas|temporal_lobe|testis,matched_stratified,role_B_lookup_f1,role_max_f1,0.9909699528116126,0.2540205
leaf107,branch_distinct_coverall_node_stratified_mean_wup,colon|pancreas|temporal_lobe|testis,matched_stratified,training_node_total,train_nodes,42350.0,0.8522655
leaf107,branch_distinct_coverall_node_stratified_mean_wup,colon|pancreas|temporal_lobe|testis,matched_stratified,training_edge_total,train_edges,575499.0,0.78144
actual_external,released_graphsage_split,heart|kidney|lung|midbrain,all144_uniform,mean_wup,mean_wup,0.2814285714285714,0.604037
actual_external,released_graphsage_split,heart|kidney|lung|midbrain,all144_uniform,max_wup,max_wup,0.8,0.321722
actual_external,released_graphsage_split,heart|kidney|lung|midbrain,all144_uniform,row_overlap,row_overlap,0.9887855125436119,0.607573
actual_external,released_graphsage_split,heart|kidney|lung|midbrain,all144_uniform,unique_overlap,unique_overlap,0.9720184732409671,0.653632
actual_external,released_graphsage_split,heart|kidney|lung|midbrain,all144_uniform,lookup_micro_f1,f1,0.9953074230570779,0.5795425
