universe,method,metric,n,mean,sd,q0,q0.01,q0.05,q0.1,q0.25,q0.5,q0.75,q0.9,q0.95,q0.99,q1
all144,conditional_mean_wup,mean_wup,58905,0.19748349992590342,0.013180831696140883,0.154348335488,0.169248529249,0.176839271839,0.181014783827,0.188140089078,0.19673035298,0.206085997336,0.215248223998,0.220478549229,0.22983237318239996,0.248167943168
all144,conditional_mean_wup,max_wup,58905,0.29537300649332615,0.0669550041855963,0.181818181818,0.2,0.222222222222,0.222222222222,0.25,0.25,0.363636363636,0.4,0.4,0.4,0.545454545455
all144,conditional_mean_wup,mean_heldout_best_wup,58905,0.2360797807621883,0.03461956697674747,0.161297036297,0.182178932179,0.19227994228,0.198863636364,0.208964646465,0.228787878788,0.257478632479,0.284343434343,0.301923076923,0.325,0.506060606061
all144,conditional_mean_wup,mean_distance,58905,8.514103217044394,0.608269380274367,6.625,7.2,7.525,7.75,8.075,8.5,8.95,9.3,9.55,10.05,11.1
all144,conditional_mean_wup,min_distance,58905,6.104473304473305,0.7146185011157272,4.0,5.0,5.0,5.0,6.0,6.0,7.0,7.0,7.0,8.0,9.0
all144,conditional_mean_wup,mean_heldout_nearest_distance,58905,7.441571173924115,0.6533966025264306,5.5,6.0,6.5,6.75,7.0,7.5,7.75,8.25,8.5,9.25,10.5
all144,conditional_mean_wup,ancestor_descendant_pairs,58905,0.17368644427467958,0.8791001217822945,0.0,0.0,0.0,0.0,0.0,0.0,0.0,0.0,0.0,5.0,6.0
all144,conditional_mean_wup,train_branch_count,58905,5.164553093964859,1.4816203105858707,2.0,2.0,3.0,4.0,4.0,5.0,6.0,7.0,8.0,8.0,9.0
all144,conditional_mean_wup,heldout_branch_count,58905,3.3479161361514302,0.6706812725191458,1.0,2.0,2.0,2.0,3.0,3.0,4.0,4.0,4.0,4.0,4.0
all144,conditional_mean_wup,training_node_total,58905,40105.20062813004,1340.995444158499,35041.0,37102.0,38159.0,38758.0,39197.0,39836.0,40920.0,42185.0,42722.0,43013.0,44108.0
all144,conditional_mean_wup,training_edge_total,58905,535863.5572022748,23481.206422779665,438944.0,478391.0,505438.0,511321.0,520697.0,530206.0,549843.0,570170.0,582676.0,589278.0,611404.0
all144,conditional_mean_wup,heldout_node_total,58905,11575.0,648.9467609494542,9817.0,10212.0,10539.0,10740.0,11112.0,11556.0,12016.0,12435.0,12680.0,13123.96,14042.0
all144,conditional_mean_wup,heldout_edge_total,58905,178038.33333333334,12141.317222704858,143094.0,151800.0,158421.4,162286.0,169413.0,177821.0,186366.0,194047.6,198468.8,206390.8,220449.0
all144,conditional_mean_wup,training_internal_layers,58905,4.509515321280027,0.666149027671852,2.0,3.0,3.0,4.0,4.0,5.0,5.0,5.0,5.0,5.0,6.0
all144,conditional_mean_wup,heldout_internal_layers,58905,2.3333333333333335,0.9428170444769445,0.0,0.0,1.0,1.0,2.0,2.0,3.0,4.0,4.0,4.0,4.0
all144,conditional_mean_wup,row_overlap,58905,0.9526396423698317,0.0321059399705806,0.819608137527,0.85875738292584,0.878763909183,0.8955531958592,0.945104309426,0.962310702739,0.974870017331,0.9813716802201999,0.984213669951,0.98861656104428,0.997522629824
all144,conditional_mean_wup,unique_overlap,58905,0.9001025363236438,0.052427767060487636,0.714215323971,0.76374241519844,0.7902189432464001,0.808291872334,0.880988023952,0.9117575165,0.938212675683,0.9551823248262,0.9612263975858,0.97124574910824,0.99234393404
all144,conditional_mean_wup,positive_coverage,58905,0.9622574253628065,0.02902061216690607,0.841744379719,0.87684835432928,0.894216275748,0.9090817032206,0.957995464581,0.972791508803,0.981665174052,0.9862178121548,0.9881901274682,0.99143509681296,0.998237612525
all144,conditional_mean_wup,lookup_micro_f1,58905,0.9805374789778819,0.015435940889348788,0.914072972328,0.93438380602768,0.9441543578704,0.9523759006028,0.978547174302,0.986208126365,0.990747767994,0.9930610893928,0.9940599883442001,0.99569913013976,0.999118029075
all144,conditional_minimax_wup,mean_wup,58905,0.1983875803122073,0.01428599349503402,0.154348335488,0.169248529249,0.176840902153,0.181014783827,0.188325702076,0.197086593962,0.207415501166,0.217534548785,0.224197607948,0.234970793096,0.267529415029
all144,conditional_minimax_wup,max_wup,58905,0.25385652045176904,0.02534591872272837,0.181818181818,0.2,0.222222222222,0.222222222222,0.25,0.25,0.285714285714,0.285714285714,0.285714285714,0.333333333333,0.333333333333
all144,conditional_minimax_wup,mean_heldout_best_wup,58905,0.22091841843763435,0.019317571919177042,0.161297036297,0.182178932179,0.19227994228,0.198232323232,0.207954545455,0.219065656566,0.231150793651,0.243055555556,0.251984126984,0.284722222222,0.333333333333
all144,conditional_minimax_wup,mean_distance,58905,8.364159239453357,0.7222173088281358,5.725,6.75,7.2,7.45,7.9,8.4,8.85,9.3,9.55,10.05,11.1
all144,conditional_minimax_wup,min_distance,58905,5.966097954333248,0.763525085201147,4.0,4.0,5.0,5.0,5.0,6.0,6.0,7.0,7.0,8.0,9.0
all144,conditional_minimax_wup,mean_heldout_nearest_distance,58905,7.305878108819285,0.7367062504810512,4.75,5.75,6.25,6.25,6.75,7.25,7.75,8.25,8.5,9.25,10.5
all144,conditional_minimax_wup,ancestor_descendant_pairs,58905,0.0,0.0,0.0,0.0,0.0,0.0,0.0,0.0,0.0,0.0,0.0,0.0,0.0
all144,conditional_minimax_wup,train_branch_count,58905,4.943621084797555,1.3273965589535768,2.0,2.0,3.0,4.0,4.0,5.0,6.0,7.0,7.0,8.0,10.0
all144,conditional_minimax_wup,heldout_branch_count,58905,3.3479161361514302,0.6706812725191458,1.0,2.0,2.0,2.0,3.0,3.0,4.0,4.0,4.0,4.0,4.0
all144,conditional_minimax_wup,training_node_total,58905,40500.618809948224,1495.8665334315979,36955.0,38159.0,38405.0,38945.0,39197.0,40597.0,41281.0,42832.0,42948.0,43740.0,44302.0
all144,conditional_minimax_wup,training_edge_total,58905,543429.5079534844,25522.369926511572,478760.0,505438.0,508662.0,516892.0,520857.0,544148.0,559009.0,583552.0,587250.0,602054.0,611688.0
all144,conditional_minimax_wup,heldout_node_total,58905,11575.0,648.9467609494542,9817.0,10212.0,10539.0,10740.0,11112.0,11556.0,12016.0,12435.0,12680.0,13123.96,14042.0
all144,conditional_minimax_wup,heldout_edge_total,58905,178038.33333333334,12141.317222704858,143094.0,151800.0,158421.4,162286.0,169413.0,177821.0,186366.0,194047.6,198468.8,206390.8,220449.0
all144,conditional_minimax_wup,training_internal_layers,58905,4.771343688990748,0.47236599915282806,3.0,4.0,4.0,4.0,5.0,5.0,5.0,5.0,5.0,6.0,6.0
all144,conditional_minimax_wup,heldout_internal_layers,58905,2.3333333333333335,0.9428170444769445,0.0,0.0,1.0,1.0,2.0,2.0,3.0,4.0,4.0,4.0,4.0
all144,conditional_minimax_wup,row_overlap,58905,0.9546196745646824,0.030078636026118433,0.815429093122,0.86242276812048,0.8835242403286,0.9026851052785999,0.948013693177,0.963398917433,0.975093733262,0.9814666637642,0.984291841198,0.98862252846712,0.995855312735
all144,conditional_minimax_wup,unique_overlap,58905,0.9031446230166197,0.04976014017164352,0.706808819966,0.7729238046222,0.7953919483844,0.8145644333606,0.885625965997,0.914221218962,0.938612099644,0.955671806167,0.9615170945064,0.97127712938572,0.988102320048
all144,conditional_minimax_wup,positive_coverage,58905,0.9640570969273268,0.02715497478596456,0.837377359015,0.8803573777142,0.8983093653554001,0.9156829655872,0.959749785247,0.973346406927,0.98197032775,0.9863363821822,0.9882526497674,0.9915477835940001,0.997403443772
all144,conditional_minimax_wup,lookup_micro_f1,58905,0.9815003379100987,0.014418803620462042,0.911491975131,0.936372402553,0.9464309471884,0.9559859141982,0.979461554196,0.986493201103,0.990903157329,0.9931211964198,0.9940916209846,0.9957559560071599,0.998700034169
all144,ancestor_blocked_mean_wup,mean_wup,58905,0.19761242797990322,0.013424321252940673,0.154348335488,0.169248529249,0.176839271839,0.181014783827,0.188140089078,0.19673035298,0.206112221112,0.215318015318,0.221068931069,0.231111041736,0.25581043956
all144,ancestor_blocked_mean_wup,max_wup,58905,0.29287597565913326,0.06497848880118172,0.181818181818,0.2,0.222222222222,0.222222222222,0.25,0.25,0.333333333333,0.4,0.4,0.4,0.533333333333
all144,ancestor_blocked_mean_wup,mean_heldout_best_wup,58905,0.23545269100090135,0.033789985859457305,0.161297036297,0.182178932179,0.19227994228,0.198863636364,0.208964646465,0.227933177933,0.257478632479,0.283928571429,0.296428571429,0.324837662338,0.415873015873
all144,ancestor_blocked_mean_wup,mean_distance,58905,8.493059587471352,0.6335932668748504,6.375,7.125,7.45,7.675,8.05,8.5,8.95,9.3,9.55,10.05,11.1
all144,ancestor_blocked_mean_wup,min_distance,58905,6.084305237246414,0.7354147952612412,4.0,5.0,5.0,5.0,6.0,6.0,7.0,7.0,7.0,8.0,9.0
all144,ancestor_blocked_mean_wup,mean_heldout_nearest_distance,58905,7.420431202784144,0.6761769866334081,5.25,6.0,6.25,6.5,7.0,7.5,7.75,8.25,8.5,9.25,10.5
all144,ancestor_blocked_mean_wup,ancestor_descendant_pairs,58905,0.0,0.0,0.0,0.0,0.0,0.0,0.0,0.0,0.0,0.0,0.0,0.0,0.0
all144,ancestor_blocked_mean_wup,train_branch_count,58905,5.163755199049317,1.4583167646496311,2.0,2.0,3.0,4.0,4.0,5.0,6.0,7.0,8.0,8.0,9.0
all144,ancestor_blocked_mean_wup,heldout_branch_count,58905,3.3479161361514302,0.6706812725191458,1.0,2.0,2.0,2.0,3.0,3.0,4.0,4.0,4.0,4.0,4.0
all144,ancestor_blocked_mean_wup,training_node_total,58905,40131.07564722859,1344.5551418291946,35041.0,37394.0,38255.0,38758.0,39197.0,39852.0,40920.0,42193.0,42722.0,43013.0,44108.0
all144,ancestor_blocked_mean_wup,training_edge_total,58905,536392.1330447331,23398.834551885247,440095.0,485453.52,505438.0,511321.0,520697.0,531213.0,550044.0,571577.0,582676.0,589278.0,611404.0
all144,ancestor_blocked_mean_wup,heldout_node_total,58905,11575.0,648.9467609494542,9817.0,10212.0,10539.0,10740.0,11112.0,11556.0,12016.0,12435.0,12680.0,13123.96,14042.0
all144,ancestor_blocked_mean_wup,heldout_edge_total,58905,178038.33333333334,12141.317222704858,143094.0,151800.0,158421.4,162286.0,169413.0,177821.0,186366.0,194047.6,198468.8,206390.8,220449.0
all144,ancestor_blocked_mean_wup,training_internal_layers,58905,4.528953399541635,0.6467785744727593,2.0,3.0,3.0,4.0,4.0,5.0,5.0,5.0,5.0,5.0,6.0
all144,ancestor_blocked_mean_wup,heldout_internal_layers,58905,2.3333333333333335,0.9428170444769445,0.0,0.0,1.0,1.0,2.0,2.0,3.0,4.0,4.0,4.0,4.0
all144,ancestor_blocked_mean_wup,row_overlap,58905,0.9528119797197271,0.0319560326391724,0.819608137527,0.85881372868,0.8789776310538,0.8958857386422,0.94545175169,0.962368421053,0.974873074606,0.9813716802201999,0.984213669951,0.98861656104428,0.997522629824
all144,ancestor_blocked_mean_wup,unique_overlap,58905,0.9003539697335882,0.05221443809358525,0.714215323971,0.76375132340312,0.7903844465236001,0.8087325174602,0.881452210422,0.912344983089,0.938212675683,0.9551823248262,0.9612263975858,0.97124574910824,0.99234393404
all144,ancestor_blocked_mean_wup,positive_coverage,58905,0.9624554903398209,0.028898900211490584,0.841744379719,0.87687787427788,0.8944094351762,0.9094255829248,0.958371384014,0.972861481089,0.981681238228,0.9862178121548,0.9881901274682,0.99143509681296,0.998237612525
all144,ancestor_blocked_mean_wup,lookup_micro_f1,58905,0.9806422819028702,0.01537112899944536,0.914072972328,0.9344005662560799,0.9442620149238,0.9525645733952001,0.978743247412,0.986244082937,0.990755949333,0.9930610893928,0.9940599883442001,0.99569913013976,0.999118029075
all144,branch_distinct_mean_wup,mean_wup,26830,0.20276155714749688,0.014351747777833976,0.16503816649,0.17644008769,0.181981664169,0.185676545677,0.192045038295,0.2007572982575,0.211431207681,0.222126276501,0.229842726718,0.241291486291,0.272084235209
all144,branch_distinct_mean_wup,max_wup,26830,0.25828597997427094,0.026164465292446856,0.181818181818,0.222222222222,0.222222222222,0.222222222222,0.25,0.25,0.285714285714,0.285714285714,0.285714285714,0.333333333333,0.333333333333
all144,branch_distinct_mean_wup,mean_heldout_best_wup,26830,0.22667647003896912,0.01701274468010541,0.181818181818,0.194017094017,0.201971639472,0.206565656566,0.21351010101,0.225,0.2375,0.25,0.258928571429,0.272817460317,0.300595238095
all144,branch_distinct_mean_wup,mean_distance,26830,8.130070816250466,0.6850835557650655,5.5,6.5,7.0,7.2,7.65,8.2,8.65,9.0,9.2,9.55,10.3
all144,branch_distinct_mean_wup,min_distance,26830,5.818486768542676,0.7495207151417393,4.0,4.0,5.0,5.0,5.0,6.0,6.0,7.0,7.0,7.0,9.0
all144,branch_distinct_mean_wup,mean_heldout_nearest_distance,26830,7.020611256056653,0.6544887962808396,4.75,5.5,6.0,6.25,6.5,7.0,7.5,7.75,8.0,8.5,9.25
all144,branch_distinct_mean_wup,ancestor_descendant_pairs,26830,0.0,0.0,0.0,0.0,0.0,0.0,0.0,0.0,0.0,0.0,0.0,0.0,0.0
all144,branch_distinct_mean_wup,train_branch_count,26830,4.869996272828923,1.4040636194877165,2.0,2.0,3.0,3.0,4.0,5.0,5.0,7.0,8.0,8.0,8.0
all144,branch_distinct_mean_wup,heldout_branch_count,26830,4.0,0.0,4.0,4.0,4.0,4.0,4.0,4.0,4.0,4.0,4.0,4.0,4.0
all144,branch_distinct_mean_wup,training_node_total,26830,40750.596049198655,1574.7968856033956,37874.0,38015.0,38412.0,38945.0,39242.0,40611.0,41636.0,42948.0,43583.0,44302.0,44302.0
all144,branch_distinct_mean_wup,training_edge_total,26830,547657.2770778979,26906.488481995922,497463.0,503772.0,508662.0,516892.0,521550.0,547046.0,560553.0,587250.0,592023.0,611688.0,611688.0
all144,branch_distinct_mean_wup,heldout_node_total,26830,11605.794856503913,636.1025605296686,9829.0,10259.45,10591.0,10792.0,11150.0,11582.0,12040.0,12456.100000000002,12700.0,13096.71,13655.0
all144,branch_distinct_mean_wup,heldout_edge_total,26830,178941.6248975028,11881.072813231014,144025.0,153233.61,159745.35,163606.5,170491.0,178653.5,187137.0,194732.2,199229.2,206210.68,216404.0
all144,branch_distinct_mean_wup,training_internal_layers,26830,4.796347372344391,0.5260106871553024,4.0,4.0,4.0,4.0,4.0,5.0,5.0,5.0,6.0,6.0,6.0
all144,branch_distinct_mean_wup,heldout_internal_layers,26830,2.124040253447633,0.9554775092769799,0.0,0.0,1.0,1.0,1.0,2.0,3.0,3.0,4.0,4.0,4.0
all144,branch_distinct_mean_wup,row_overlap,26830,0.9548701821811727,0.03056562238853727,0.815429093122,0.8588486786301199,0.88374148061165,0.9032140024271,0.94863715508875,0.9646589869115,0.97538037100225,0.981838700508,0.98462345213725,0.98884290287464,0.995855312735
all144,branch_distinct_mean_wup,unique_overlap,26830,0.8998679911180693,0.05109051263773044,0.706808819966,0.76568083819082,0.79234320768955,0.810676327077,0.88036556456575,0.9127905852925,0.9361799900095,0.953634880314,0.95996123973115,0.96999136208922,0.987539843524
all144,branch_distinct_mean_wup,positive_coverage,26830,0.9635295165543828,0.027229497256679433,0.837377359015,0.8776262251407501,0.899568744244,0.9169756904679,0.9584697964755,0.9729004205545,0.981692575584,0.9861636663363,0.98822188357145,0.99158060690768,0.997403443772
all144,branch_distinct_mean_wup,lookup_micro_f1,26830,0.9812255106972727,0.014463992289931322,0.911491975131,0.93482527394284,0.94712944394575,0.9566899518008,0.9787945652244999,0.9862640916065,0.9907617232654999,0.9930336387188,0.99407605533005,0.99577250697302,0.998700034169
all144,branch_distinct_minimax_wup,mean_wup,26830,0.20276155714749688,0.014351747777833976,0.16503816649,0.17644008769,0.181981664169,0.185676545677,0.192045038295,0.2007572982575,0.211431207681,0.222126276501,0.229842726718,0.241291486291,0.272084235209
all144,branch_distinct_minimax_wup,max_wup,26830,0.25828597997427094,0.026164465292446856,0.181818181818,0.222222222222,0.222222222222,0.222222222222,0.25,0.25,0.285714285714,0.285714285714,0.285714285714,0.333333333333,0.333333333333
all144,branch_distinct_minimax_wup,mean_heldout_best_wup,26830,0.22667647003896912,0.01701274468010541,0.181818181818,0.194017094017,0.201971639472,0.206565656566,0.21351010101,0.225,0.2375,0.25,0.258928571429,0.272817460317,0.300595238095
all144,branch_distinct_minimax_wup,mean_distance,26830,8.130070816250466,0.6850835557650655,5.5,6.5,7.0,7.2,7.65,8.2,8.65,9.0,9.2,9.55,10.3
all144,branch_distinct_minimax_wup,min_distance,26830,5.818486768542676,0.7495207151417393,4.0,4.0,5.0,5.0,5.0,6.0,6.0,7.0,7.0,7.0,9.0
all144,branch_distinct_minimax_wup,mean_heldout_nearest_distance,26830,7.020611256056653,0.6544887962808396,4.75,5.5,6.0,6.25,6.5,7.0,7.5,7.75,8.0,8.5,9.25
all144,branch_distinct_minimax_wup,ancestor_descendant_pairs,26830,0.0,0.0,0.0,0.0,0.0,0.0,0.0,0.0,0.0,0.0,0.0,0.0,0.0
all144,branch_distinct_minimax_wup,train_branch_count,26830,4.869996272828923,1.4040636194877165,2.0,2.0,3.0,3.0,4.0,5.0,5.0,7.0,8.0,8.0,8.0
all144,branch_distinct_minimax_wup,heldout_branch_count,26830,4.0,0.0,4.0,4.0,4.0,4.0,4.0,4.0,4.0,4.0,4.0,4.0,4.0
all144,branch_distinct_minimax_wup,training_node_total,26830,40750.596049198655,1574.7968856033956,37874.0,38015.0,38412.0,38945.0,39242.0,40611.0,41636.0,42948.0,43583.0,44302.0,44302.0
all144,branch_distinct_minimax_wup,training_edge_total,26830,547657.2770778979,26906.488481995922,497463.0,503772.0,508662.0,516892.0,521550.0,547046.0,560553.0,587250.0,592023.0,611688.0,611688.0
all144,branch_distinct_minimax_wup,heldout_node_total,26830,11605.794856503913,636.1025605296686,9829.0,10259.45,10591.0,10792.0,11150.0,11582.0,12040.0,12456.100000000002,12700.0,13096.71,13655.0
all144,branch_distinct_minimax_wup,heldout_edge_total,26830,178941.6248975028,11881.072813231014,144025.0,153233.61,159745.35,163606.5,170491.0,178653.5,187137.0,194732.2,199229.2,206210.68,216404.0
all144,branch_distinct_minimax_wup,training_internal_layers,26830,4.796347372344391,0.5260106871553024,4.0,4.0,4.0,4.0,4.0,5.0,5.0,5.0,6.0,6.0,6.0
all144,branch_distinct_minimax_wup,heldout_internal_layers,26830,2.124040253447633,0.9554775092769799,0.0,0.0,1.0,1.0,1.0,2.0,3.0,3.0,4.0,4.0,4.0
all144,branch_distinct_minimax_wup,row_overlap,26830,0.9548701821811727,0.03056562238853727,0.815429093122,0.8588486786301199,0.88374148061165,0.9032140024271,0.94863715508875,0.9646589869115,0.97538037100225,0.981838700508,0.98462345213725,0.98884290287464,0.995855312735
all144,branch_distinct_minimax_wup,unique_overlap,26830,0.8998679911180693,0.05109051263773044,0.706808819966,0.76568083819082,0.79234320768955,0.810676327077,0.88036556456575,0.9127905852925,0.9361799900095,0.953634880314,0.95996123973115,0.96999136208922,0.987539843524
all144,branch_distinct_minimax_wup,positive_coverage,26830,0.9635295165543828,0.027229497256679433,0.837377359015,0.8776262251407501,0.899568744244,0.9169756904679,0.9584697964755,0.9729004205545,0.981692575584,0.9861636663363,0.98822188357145,0.99158060690768,0.997403443772
all144,branch_distinct_minimax_wup,lookup_micro_f1,26830,0.9812255106972727,0.014463992289931322,0.911491975131,0.93482527394284,0.94712944394575,0.9566899518008,0.9787945652244999,0.9862640916065,0.9907617232654999,0.9930336387188,0.99407605533005,0.99577250697302,0.998700034169
all144,branch_distinct_coverall_mean_wup,mean_wup,26830,0.2285319871771537,0.014099368234498345,0.188327585405,0.199487214175,0.206680611056,0.210773532024,0.218395493395,0.227628343878,0.237902167277,0.247318098568,0.253506493506,0.26404040404,0.289594155844
all144,branch_distinct_coverall_mean_wup,max_wup,26830,0.34067026959843777,0.030334030368063803,0.25,0.25,0.285714285714,0.333333333333,0.333333333333,0.333333333333,0.333333333333,0.4,0.4,0.4,0.4
all144,branch_distinct_coverall_mean_wup,mean_heldout_best_wup,26830,0.2902889176090509,0.023280981978464135,0.22601010101,0.239484126984,0.251984126984,0.260912698413,0.272817460317,0.288888888889,0.305555555556,0.321428571429,0.329166666667,0.35,0.366666666667
all144,branch_distinct_coverall_mean_wup,mean_distance,26830,7.254032799105479,0.5670110197847452,5.15,5.95,6.3,6.5,6.85,7.25,7.65,8.0,8.15,8.45,9.1
all144,branch_distinct_coverall_mean_wup,min_distance,26830,3.9164368244502423,0.5199315334243618,3.0,3.0,3.0,3.0,4.0,4.0,4.0,4.0,5.0,6.0,6.0
all144,branch_distinct_coverall_mean_wup,mean_heldout_nearest_distance,26830,5.1185613119642195,0.5993680890552244,3.5,3.75,4.25,4.25,4.75,5.0,5.5,6.0,6.25,6.5,7.0
all144,branch_distinct_coverall_mean_wup,ancestor_descendant_pairs,26830,0.0,0.0,0.0,0.0,0.0,0.0,0.0,0.0,0.0,0.0,0.0,0.0,0.0
all144,branch_distinct_coverall_mean_wup,train_branch_count,26830,14.0,0.0,14.0,14.0,14.0,14.0,14.0,14.0,14.0,14.0,14.0,14.0,14.0
all144,branch_distinct_coverall_mean_wup,heldout_branch_count,26830,4.0,0.0,4.0,4.0,4.0,4.0,4.0,4.0,4.0,4.0,4.0,4.0,4.0
all144,branch_distinct_coverall_mean_wup,training_node_total,26830,38315.604696235554,1655.788013832676,33581.0,34542.0,35494.0,36131.0,37106.0,38398.0,39555.0,40181.0,40761.0,41959.0,41959.0
all144,branch_distinct_coverall_mean_wup,training_edge_total,26830,502565.10130450985,32177.480465614644,410163.0,428119.0,446426.0,460479.0,478230.0,503243.0,529228.0,536391.0,548615.0,577158.0,577158.0
all144,branch_distinct_coverall_mean_wup,heldout_node_total,26830,11605.794856503913,636.1025605296686,9829.0,10259.45,10591.0,10792.0,11150.0,11582.0,12040.0,12456.100000000002,12700.0,13096.71,13655.0
all144,branch_distinct_coverall_mean_wup,heldout_edge_total,26830,178941.6248975028,11881.072813231014,144025.0,153233.61,159745.35,163606.5,170491.0,178653.5,187137.0,194732.2,199229.2,206210.68,216404.0
all144,branch_distinct_coverall_mean_wup,training_internal_layers,26830,1.5549757733879985,0.4969777358831812,1.0,1.0,1.0,1.0,1.0,2.0,2.0,2.0,2.0,2.0,2.0
all144,branch_distinct_coverall_mean_wup,heldout_internal_layers,26830,2.124040253447633,0.9554775092769799,0.0,0.0,1.0,1.0,1.0,2.0,3.0,3.0,4.0,4.0,4.0
all144,branch_distinct_coverall_mean_wup,row_overlap,26830,0.957014150282541,0.02377018392293671,0.837816641832,0.87966841152458,0.90156543620325,0.9223910021581,0.94986711142325,0.9628564699,0.9726877590675,0.980470863931,0.9838608284138,0.98808852401432,0.993951612903
all144,branch_distinct_coverall_mean_wup,unique_overlap,26830,0.9021864946617308,0.04017543009577473,0.746810107581,0.79201997743862,0.81884092730715,0.8427722566323,0.882356693634,0.908941755537,0.9305638900765001,0.9486885469812,0.95702109651695,0.96731907009625,0.98223495702
all144,branch_distinct_coverall_mean_wup,positive_coverage,26830,0.9659580754108884,0.01969691483686935,0.876832330654,0.90019652110931,0.9184169422858499,0.935706717271,0.9612801494365,0.9709310454419999,0.9787248371427499,0.9842290385709,0.9867505886716,0.99020423731982,0.994906612885
all144,branch_distinct_coverall_mean_wup,lookup_micro_f1,26830,0.9825804307636459,0.010369399390989534,0.934374708207,0.947477285752,0.9574737607889501,0.9667856281344,0.98025786852825,0.985251155983,0.9892480437612501,0.9920518442561,0.9933311149348,0.99507801134255,0.997446804235
all144,branch_distinct_node_stratified_mean_wup,mean_wup,26830,0.21080255183789243,0.015428016768415546,0.169998334998,0.18277397533054002,0.188521894772,0.192541347541,0.199358904984,0.208654678655,0.2205501443,0.232083888334,0.238773448773,0.252012987013,0.284901695527
all144,branch_distinct_node_stratified_mean_wup,max_wup,26830,0.3110623916603614,0.04468668748364601,0.2,0.222222222222,0.25,0.25,0.285714285714,0.333333333333,0.333333333333,0.4,0.4,0.4,0.4
all144,branch_distinct_node_stratified_mean_wup,mean_heldout_best_wup,26830,0.26676686800383176,0.03018079378440762,0.186363636364,0.20202020202,0.219065656566,0.230555555556,0.24503968254,0.264285714286,0.28869047619,0.309523809524,0.321428571429,0.338095238095,0.366666666667
all144,branch_distinct_node_stratified_mean_wup,mean_distance,26830,7.830715616846813,0.6755202185720821,5.25,6.2,6.7,6.95,7.35,7.85,8.35,8.65,8.85,9.2,9.95
all144,branch_distinct_node_stratified_mean_wup,min_distance,26830,4.565188222139396,0.9613556167438516,3.0,3.0,3.0,3.0,4.0,4.0,5.0,6.0,6.0,7.0,8.0
all144,branch_distinct_node_stratified_mean_wup,mean_heldout_nearest_distance,26830,5.767312709653373,0.8572076739761523,3.5,4.0,4.5,4.75,5.25,5.75,6.25,7.0,7.25,8.0,8.75
all144,branch_distinct_node_stratified_mean_wup,ancestor_descendant_pairs,26830,0.0,0.0,0.0,0.0,0.0,0.0,0.0,0.0,0.0,0.0,0.0,0.0,0.0
all144,branch_distinct_node_stratified_mean_wup,train_branch_count,26830,5.659970182631382,1.658977094827084,2.0,3.0,3.0,3.0,4.0,6.0,7.0,8.0,8.0,9.0,9.0
all144,branch_distinct_node_stratified_mean_wup,heldout_branch_count,26830,4.0,0.0,4.0,4.0,4.0,4.0,4.0,4.0,4.0,4.0,4.0,4.0,4.0
all144,branch_distinct_node_stratified_mean_wup,training_node_total,26830,44274.22329481923,792.467021109422,43140.0,43140.0,43186.0,43216.0,43515.0,44244.0,44789.0,45404.0,45611.0,46066.0,46317.0
all144,branch_distinct_node_stratified_mean_wup,training_edge_total,26830,617848.8865076407,13720.68947355986,593882.0,593882.0,598279.0,599917.0,608717.0,617258.0,628575.0,636667.0,642010.0,647632.0,653776.0
all144,branch_distinct_node_stratified_mean_wup,heldout_node_total,26830,11605.794856503913,636.1025605296686,9829.0,10259.45,10591.0,10792.0,11150.0,11582.0,12040.0,12456.100000000002,12700.0,13096.71,13655.0
all144,branch_distinct_node_stratified_mean_wup,heldout_edge_total,26830,178941.6248975028,11881.072813231014,144025.0,153233.61,159745.35,163606.5,170491.0,178653.5,187137.0,194732.2,199229.2,206210.68,216404.0
all144,branch_distinct_node_stratified_mean_wup,training_internal_layers,26830,5.371710771524413,0.9979652129022316,3.0,4.0,4.0,4.0,5.0,5.0,6.0,7.0,7.0,8.0,8.0
all144,branch_distinct_node_stratified_mean_wup,heldout_internal_layers,26830,2.124040253447633,0.9554775092769799,0.0,0.0,1.0,1.0,1.0,2.0,3.0,3.0,4.0,4.0,4.0
all144,branch_distinct_node_stratified_mean_wup,row_overlap,26830,0.9767255536132347,0.01089465035114716,0.890369383374,0.94792314822245,0.9580046669632001,0.9625103200716001,0.97032843051175,0.9783215799945,0.9850042003489999,0.9889745693069,0.99068094269305,0.99329876772672,0.997550866616
all144,branch_distinct_node_stratified_mean_wup,unique_overlap,26830,0.9418156673130564,0.023540040968403654,0.814344962186,0.88567411266441,0.90025148097515,0.9096925681920001,0.926233766234,0.944027401078,0.960569087038,0.9703366912263001,0.9742217926318499,0.9809716674329699,0.992755722979
all144,branch_distinct_node_stratified_mean_wup,positive_coverage,26830,0.9820062986277032,0.008426468599650072,0.918082443802,0.95797265003293,0.9664884534343999,0.970968169916,0.97719063942175,0.9834181847005,0.9883556746012501,0.9911870136544,0.9925913658637999,0.99465848982371,0.998067977432
all144,branch_distinct_node_stratified_mean_wup,lookup_micro_f1,26830,0.9909031332621504,0.004313602336644036,0.957291952459,0.97853527219647,0.98295868632805,0.9852702694408,0.98846375249575,0.991639778526,0.994143741209,0.9955740037051001,0.9962819099476,0.99732209287564,0.999033054636
all144,branch_distinct_node_stratified_minimax_wup,mean_wup,26830,0.21080255183789243,0.015428016768415546,0.169998334998,0.18277397533054002,0.188521894772,0.192541347541,0.199358904984,0.208654678655,0.2205501443,0.232083888334,0.238773448773,0.252012987013,0.284901695527
all144,branch_distinct_node_stratified_minimax_wup,max_wup,26830,0.3110623916603614,0.04468668748364601,0.2,0.222222222222,0.25,0.25,0.285714285714,0.333333333333,0.333333333333,0.4,0.4,0.4,0.4
all144,branch_distinct_node_stratified_minimax_wup,mean_heldout_best_wup,26830,0.26676686800383176,0.03018079378440762,0.186363636364,0.20202020202,0.219065656566,0.230555555556,0.24503968254,0.264285714286,0.28869047619,0.309523809524,0.321428571429,0.338095238095,0.366666666667
all144,branch_distinct_node_stratified_minimax_wup,mean_distance,26830,7.830715616846813,0.6755202185720821,5.25,6.2,6.7,6.95,7.35,7.85,8.35,8.65,8.85,9.2,9.95
all144,branch_distinct_node_stratified_minimax_wup,min_distance,26830,4.565188222139396,0.9613556167438516,3.0,3.0,3.0,3.0,4.0,4.0,5.0,6.0,6.0,7.0,8.0
all144,branch_distinct_node_stratified_minimax_wup,mean_heldout_nearest_distance,26830,5.767312709653373,0.8572076739761523,3.5,4.0,4.5,4.75,5.25,5.75,6.25,7.0,7.25,8.0,8.75
all144,branch_distinct_node_stratified_minimax_wup,ancestor_descendant_pairs,26830,0.0,0.0,0.0,0.0,0.0,0.0,0.0,0.0,0.0,0.0,0.0,0.0,0.0
all144,branch_distinct_node_stratified_minimax_wup,train_branch_count,26830,5.659970182631382,1.658977094827084,2.0,3.0,3.0,3.0,4.0,6.0,7.0,8.0,8.0,9.0,9.0
all144,branch_distinct_node_stratified_minimax_wup,heldout_branch_count,26830,4.0,0.0,4.0,4.0,4.0,4.0,4.0,4.0,4.0,4.0,4.0,4.0,4.0
all144,branch_distinct_node_stratified_minimax_wup,training_node_total,26830,44274.22329481923,792.467021109422,43140.0,43140.0,43186.0,43216.0,43515.0,44244.0,44789.0,45404.0,45611.0,46066.0,46317.0
all144,branch_distinct_node_stratified_minimax_wup,training_edge_total,26830,617848.8865076407,13720.68947355986,593882.0,593882.0,598279.0,599917.0,608717.0,617258.0,628575.0,636667.0,642010.0,647632.0,653776.0
all144,branch_distinct_node_stratified_minimax_wup,heldout_node_total,26830,11605.794856503913,636.1025605296686,9829.0,10259.45,10591.0,10792.0,11150.0,11582.0,12040.0,12456.100000000002,12700.0,13096.71,13655.0
all144,branch_distinct_node_stratified_minimax_wup,heldout_edge_total,26830,178941.6248975028,11881.072813231014,144025.0,153233.61,159745.35,163606.5,170491.0,178653.5,187137.0,194732.2,199229.2,206210.68,216404.0
all144,branch_distinct_node_stratified_minimax_wup,training_internal_layers,26830,5.371710771524413,0.9979652129022316,3.0,4.0,4.0,4.0,5.0,5.0,6.0,7.0,7.0,8.0,8.0
all144,branch_distinct_node_stratified_minimax_wup,heldout_internal_layers,26830,2.124040253447633,0.9554775092769799,0.0,0.0,1.0,1.0,1.0,2.0,3.0,3.0,4.0,4.0,4.0
all144,branch_distinct_node_stratified_minimax_wup,row_overlap,26830,0.9767255536132347,0.01089465035114716,0.890369383374,0.94792314822245,0.9580046669632001,0.9625103200716001,0.97032843051175,0.9783215799945,0.9850042003489999,0.9889745693069,0.99068094269305,0.99329876772672,0.997550866616
all144,branch_distinct_node_stratified_minimax_wup,unique_overlap,26830,0.9418156673130564,0.023540040968403654,0.814344962186,0.88567411266441,0.90025148097515,0.9096925681920001,0.926233766234,0.944027401078,0.960569087038,0.9703366912263001,0.9742217926318499,0.9809716674329699,0.992755722979
all144,branch_distinct_node_stratified_minimax_wup,positive_coverage,26830,0.9820062986277032,0.008426468599650072,0.918082443802,0.95797265003293,0.9664884534343999,0.970968169916,0.97719063942175,0.9834181847005,0.9883556746012501,0.9911870136544,0.9925913658637999,0.99465848982371,0.998067977432
all144,branch_distinct_node_stratified_minimax_wup,lookup_micro_f1,26830,0.9909031332621504,0.004313602336644036,0.957291952459,0.97853527219647,0.98295868632805,0.9852702694408,0.98846375249575,0.991639778526,0.994143741209,0.9955740037051001,0.9962819099476,0.99732209287564,0.999033054636
leaf107,conditional_mean_wup,mean_wup,1365,0.1954891549531062,0.009545809793291272,0.169002119204,0.173551007816,0.179684065934,0.183144633145,0.18861736507,0.19517291736,0.202301448551,0.207894397269,0.2114419191916,0.216036186036,0.219909118659
leaf107,conditional_mean_wup,max_wup,1365,0.2949559313294366,0.062312993195000214,0.2,0.2,0.222222222222,0.222222222222,0.25,0.25,0.333333333333,0.4,0.4,0.4,0.4
leaf107,conditional_mean_wup,mean_heldout_best_wup,1365,0.2376082535698249,0.030595815567414694,0.188461538462,0.190909090909,0.200961538462,0.20202020202,0.2125,0.227884615385,0.258333333333,0.280332167832,0.29216255966239985,0.311111111111,0.344318181818
leaf107,conditional_mean_wup,mean_distance,1365,8.632271062271062,0.45631843053846805,7.55,7.7,7.925,8.025,8.3,8.6,8.95,9.25,9.45,9.75,10.05
leaf107,conditional_mean_wup,min_distance,1365,6.089377289377289,0.5788906183533931,5.0,5.0,5.0,5.0,6.0,6.0,6.0,7.0,7.0,8.0,8.0
leaf107,conditional_mean_wup,mean_heldout_nearest_distance,1365,7.404578754578755,0.5167707101320216,6.25,6.25,6.75,6.75,7.0,7.5,7.75,8.0,8.25,8.5,8.75
leaf107,conditional_mean_wup,ancestor_descendant_pairs,1365,0.0,0.0,0.0,0.0,0.0,0.0,0.0,0.0,0.0,0.0,0.0,0.0,0.0
leaf107,conditional_mean_wup,train_branch_count,1365,6.126739926739927,1.5504880493283284,3.0,3.0,4.0,4.0,5.0,6.0,7.0,8.0,9.0,10.0,11.0
leaf107,conditional_mean_wup,heldout_branch_count,1365,3.78021978021978,0.4399962793647128,2.0,2.0,3.0,3.0,4.0,4.0,4.0,4.0,4.0,4.0,4.0
leaf107,conditional_mean_wup,training_node_total,1365,39038.304761904765,1622.4997682468797,35553.0,36414.0,36924.0,37012.0,37897.0,38923.0,40116.0,41561.8,41958.0,42947.759999999995,43669.0
leaf107,conditional_mean_wup,training_edge_total,1365,516119.4945054945,28916.18813155595,454633.0,469311.0,476706.0,481288.0,494048.0,513660.0,533968.0,560448.0,569995.0,587978.8799999999,599332.0
leaf107,conditional_mean_wup,heldout_node_total,1365,11277.866666666667,545.1971311626254,9950.0,10146.92,10399.0,10578.6,10881.0,11261.0,11653.0,11997.800000000001,12209.599999999999,12535.08,12944.0
leaf107,conditional_mean_wup,heldout_edge_total,1365,173091.2,10215.93447891182,147629.0,151167.72,156291.6,159838.8,165714.0,172946.0,180114.0,186632.2,190214.2,196570.6,204188.0
leaf107,conditional_mean_wup,training_internal_layers,1365,0.0,0.0,0.0,0.0,0.0,0.0,0.0,0.0,0.0,0.0,0.0,0.0,0.0
leaf107,conditional_mean_wup,heldout_internal_layers,1365,0.0,0.0,0.0,0.0,0.0,0.0,0.0,0.0,0.0,0.0,0.0,0.0,0.0
leaf107,conditional_mean_wup,row_overlap,1365,0.9617351084440117,0.02073834273377698,0.866357975411,0.8912712576853999,0.927226697353,0.935976322831,0.947531661928,0.966288951841,0.978826796251,0.983567187199,0.9857657836378,0.9895185164419599,0.995578699155
leaf107,conditional_mean_wup,unique_overlap,1365,0.9124538886245743,0.03889024971632551,0.780283167278,0.79580593704708,0.8449353625574,0.8644142246994,0.882225237449,0.91733409611,0.946402563356,0.9577189518364,0.9620094462355999,0.97219277906552,0.986146095718
leaf107,conditional_mean_wup,positive_coverage,1365,0.970190465565885,0.016941665794472267,0.883807516371,0.90618787643224,0.9415738380876001,0.9490024255734,0.960524776156,0.973649031108,0.983141527852,0.9879221880912,0.9895718451772,0.99226939422856,0.996552245016
leaf107,conditional_mean_wup,lookup_micro_f1,1365,0.9847937644197993,0.008840609759709213,0.938320405551,0.9507851903036,0.969907833544,0.9738340118062,0.979864970683,0.98664860445,0.9914991079,0.9939244040916,0.9947585925528,0.99611969836544,0.998273145623
leaf107,conditional_minimax_wup,mean_wup,1365,0.19667710506593478,0.010885050540242283,0.169002119204,0.173551007816,0.179684065934,0.18317618900740001,0.18861736507,0.196201506827,0.20370004995,0.210275904651,0.21653013653,0.223403957154,0.228443362193
leaf107,conditional_minimax_wup,max_wup,1365,0.2534078457154432,0.020882944273531084,0.2,0.2,0.222222222222,0.222222222222,0.25,0.25,0.25,0.285714285714,0.285714285714,0.285714285714,0.307692307692
leaf107,conditional_minimax_wup,mean_heldout_best_wup,1365,0.22080415717796775,0.014019000843902108,0.188461538462,0.190909090909,0.200961538462,0.20202020202,0.212121212121,0.220454545455,0.230555555556,0.239484126984,0.248412698413,0.255357142857,0.266407203907
leaf107,conditional_minimax_wup,mean_distance,1365,8.458681318681318,0.5789317168934859,7.0,7.182,7.45,7.7,8.05,8.45,8.9,9.2,9.4,9.75,10.05
leaf107,conditional_minimax_wup,min_distance,1365,5.948717948717949,0.6579149596584779,5.0,5.0,5.0,5.0,6.0,6.0,6.0,7.0,7.0,8.0,8.0
leaf107,conditional_minimax_wup,mean_heldout_nearest_distance,1365,7.271794871794872,0.5849180348148688,6.0,6.0,6.25,6.5,6.75,7.25,7.75,8.0,8.25,8.5,8.75
leaf107,conditional_minimax_wup,ancestor_descendant_pairs,1365,0.0,0.0,0.0,0.0,0.0,0.0,0.0,0.0,0.0,0.0,0.0,0.0,0.0
leaf107,conditional_minimax_wup,train_branch_count,1365,6.152380952380953,1.6174236333155259,3.0,3.0,4.0,4.0,5.0,6.0,7.0,9.0,9.0,10.0,10.0
leaf107,conditional_minimax_wup,heldout_branch_count,1365,3.78021978021978,0.4399962793647128,2.0,2.0,3.0,3.0,4.0,4.0,4.0,4.0,4.0,4.0,4.0
leaf107,conditional_minimax_wup,training_node_total,1365,39205.37362637363,1742.7685518747544,35553.0,36414.0,36920.0,37012.0,38057.0,39039.0,40407.0,41774.0,42436.0,43313.51999999997,44678.0
leaf107,conditional_minimax_wup,training_edge_total,1365,519482.6424908425,31052.64556493973,456168.0,469311.0,481288.0,481432.0,497409.0,516287.0,538790.0,568467.0,577585.0,592723.3199999997,616914.0
leaf107,conditional_minimax_wup,heldout_node_total,1365,11277.866666666667,545.1971311626254,9950.0,10146.92,10399.0,10578.6,10881.0,11261.0,11653.0,11997.800000000001,12209.599999999999,12535.08,12944.0
leaf107,conditional_minimax_wup,heldout_edge_total,1365,173091.2,10215.93447891182,147629.0,151167.72,156291.6,159838.8,165714.0,172946.0,180114.0,186632.2,190214.2,196570.6,204188.0
leaf107,conditional_minimax_wup,training_internal_layers,1365,0.0,0.0,0.0,0.0,0.0,0.0,0.0,0.0,0.0,0.0,0.0,0.0,0.0
leaf107,conditional_minimax_wup,heldout_internal_layers,1365,0.0,0.0,0.0,0.0,0.0,0.0,0.0,0.0,0.0,0.0,0.0,0.0,0.0
leaf107,conditional_minimax_wup,row_overlap,1365,0.9634704538053613,0.020036501709576285,0.866357975411,0.91100900597068,0.9285412427558,0.9366873062994,0.94865255462,0.970379483297,0.97958806687,0.9838951165922,0.9860552515884,0.9889636806514,0.993024169778
leaf107,conditional_minimax_wup,unique_overlap,1365,0.9160068123784761,0.03822955726628598,0.780283167278,0.82798361351516,0.845676107613,0.8665217235696,0.883337762424,0.927635172037,0.947653919175,0.9584421401509999,0.9629757606768,0.97188752965936,0.978589420655
leaf107,conditional_minimax_wup,positive_coverage,1365,0.9718181995955825,0.015988725579620083,0.883807516371,0.93065681064116,0.9432034212629999,0.9503439530594,0.96184392597,0.976693389602,0.983818391001,0.9882090604074,0.989866246769,0.9922731371099199,0.995147702248
leaf107,conditional_minimax_wup,lookup_micro_f1,1365,0.9856403068295011,0.008319374506503706,0.938320405551,0.9640830347440801,0.9707716762322,0.9745398513614,0.980550912575,0.988209294107,0.99184320043,0.994069567518,0.9949073193928,0.9961215845596,0.99756795061
leaf107,ancestor_blocked_mean_wup,mean_wup,1365,0.1954891549531062,0.009545809793291272,0.169002119204,0.173551007816,0.179684065934,0.183144633145,0.18861736507,0.19517291736,0.202301448551,0.207894397269,0.2114419191916,0.216036186036,0.219909118659
leaf107,ancestor_blocked_mean_wup,max_wup,1365,0.2949559313294366,0.062312993195000214,0.2,0.2,0.222222222222,0.222222222222,0.25,0.25,0.333333333333,0.4,0.4,0.4,0.4
leaf107,ancestor_blocked_mean_wup,mean_heldout_best_wup,1365,0.2376082535698249,0.030595815567414694,0.188461538462,0.190909090909,0.200961538462,0.20202020202,0.2125,0.227884615385,0.258333333333,0.280332167832,0.29216255966239985,0.311111111111,0.344318181818
leaf107,ancestor_blocked_mean_wup,mean_distance,1365,8.632271062271062,0.45631843053846805,7.55,7.7,7.925,8.025,8.3,8.6,8.95,9.25,9.45,9.75,10.05
leaf107,ancestor_blocked_mean_wup,min_distance,1365,6.089377289377289,0.5788906183533931,5.0,5.0,5.0,5.0,6.0,6.0,6.0,7.0,7.0,8.0,8.0
leaf107,ancestor_blocked_mean_wup,mean_heldout_nearest_distance,1365,7.404578754578755,0.5167707101320216,6.25,6.25,6.75,6.75,7.0,7.5,7.75,8.0,8.25,8.5,8.75
leaf107,ancestor_blocked_mean_wup,ancestor_descendant_pairs,1365,0.0,0.0,0.0,0.0,0.0,0.0,0.0,0.0,0.0,0.0,0.0,0.0,0.0
leaf107,ancestor_blocked_mean_wup,train_branch_count,1365,6.126739926739927,1.5504880493283284,3.0,3.0,4.0,4.0,5.0,6.0,7.0,8.0,9.0,10.0,11.0
leaf107,ancestor_blocked_mean_wup,heldout_branch_count,1365,3.78021978021978,0.4399962793647128,2.0,2.0,3.0,3.0,4.0,4.0,4.0,4.0,4.0,4.0,4.0
leaf107,ancestor_blocked_mean_wup,training_node_total,1365,39038.304761904765,1622.4997682468797,35553.0,36414.0,36924.0,37012.0,37897.0,38923.0,40116.0,41561.8,41958.0,42947.759999999995,43669.0
leaf107,ancestor_blocked_mean_wup,training_edge_total,1365,516119.4945054945,28916.18813155595,454633.0,469311.0,476706.0,481288.0,494048.0,513660.0,533968.0,560448.0,569995.0,587978.8799999999,599332.0
leaf107,ancestor_blocked_mean_wup,heldout_node_total,1365,11277.866666666667,545.1971311626254,9950.0,10146.92,10399.0,10578.6,10881.0,11261.0,11653.0,11997.800000000001,12209.599999999999,12535.08,12944.0
leaf107,ancestor_blocked_mean_wup,heldout_edge_total,1365,173091.2,10215.93447891182,147629.0,151167.72,156291.6,159838.8,165714.0,172946.0,180114.0,186632.2,190214.2,196570.6,204188.0
leaf107,ancestor_blocked_mean_wup,training_internal_layers,1365,0.0,0.0,0.0,0.0,0.0,0.0,0.0,0.0,0.0,0.0,0.0,0.0,0.0
leaf107,ancestor_blocked_mean_wup,heldout_internal_layers,1365,0.0,0.0,0.0,0.0,0.0,0.0,0.0,0.0,0.0,0.0,0.0,0.0,0.0
leaf107,ancestor_blocked_mean_wup,row_overlap,1365,0.9617351084440117,0.02073834273377698,0.866357975411,0.8912712576853999,0.927226697353,0.935976322831,0.947531661928,0.966288951841,0.978826796251,0.983567187199,0.9857657836378,0.9895185164419599,0.995578699155
leaf107,ancestor_blocked_mean_wup,unique_overlap,1365,0.9124538886245743,0.03889024971632551,0.780283167278,0.79580593704708,0.8449353625574,0.8644142246994,0.882225237449,0.91733409611,0.946402563356,0.9577189518364,0.9620094462355999,0.97219277906552,0.986146095718
leaf107,ancestor_blocked_mean_wup,positive_coverage,1365,0.970190465565885,0.016941665794472267,0.883807516371,0.90618787643224,0.9415738380876001,0.9490024255734,0.960524776156,0.973649031108,0.983141527852,0.9879221880912,0.9895718451772,0.99226939422856,0.996552245016
leaf107,ancestor_blocked_mean_wup,lookup_micro_f1,1365,0.9847937644197993,0.008840609759709213,0.938320405551,0.9507851903036,0.969907833544,0.9738340118062,0.979864970683,0.98664860445,0.9914991079,0.9939244040916,0.9947585925528,0.99611969836544,0.998273145623
leaf107,branch_distinct_mean_wup,mean_wup,1080,0.19849678296542964,0.010638665441766585,0.169821300024,0.17752114135827,0.182702297702,0.184571158009,0.190660589411,0.198086774337,0.20535207847675,0.2123875222004,0.21794985569979997,0.224041305916,0.228443362193
leaf107,branch_distinct_mean_wup,max_wup,1080,0.2540681951792074,0.021313899588093065,0.2,0.2,0.222222222222,0.222222222222,0.25,0.25,0.25,0.285714285714,0.285714285714,0.285714285714,0.333333333333
leaf107,branch_distinct_mean_wup,mean_heldout_best_wup,1080,0.22293715286791205,0.013813711091927344,0.188461538462,0.195454545455,0.2019672688421,0.202777777778,0.2125,0.220454545455,0.23253968254,0.239484126984,0.248412698413,0.255357142857,0.272817460317
leaf107,branch_distinct_mean_wup,mean_distance,1080,8.354398148148148,0.5485397320377078,7.0,7.15,7.4,7.6,7.95,8.4,8.75,9.0,9.3,9.5,10.0
leaf107,branch_distinct_mean_wup,min_distance,1080,5.926851851851852,0.6608482320599574,4.0,5.0,5.0,5.0,6.0,6.0,6.0,7.0,7.0,8.0,8.0
leaf107,branch_distinct_mean_wup,mean_heldout_nearest_distance,1080,7.168055555555555,0.5630933008771639,5.5,6.0,6.25,6.5,6.75,7.25,7.5,8.0,8.0,8.25,8.75
leaf107,branch_distinct_mean_wup,ancestor_descendant_pairs,1080,0.0,0.0,0.0,0.0,0.0,0.0,0.0,0.0,0.0,0.0,0.0,0.0,0.0
leaf107,branch_distinct_mean_wup,train_branch_count,1080,6.036111111111111,1.6927013542191143,3.0,3.0,3.0,4.0,5.0,6.0,7.0,9.0,9.0,10.0,10.0
leaf107,branch_distinct_mean_wup,heldout_branch_count,1080,4.0,0.0,4.0,4.0,4.0,4.0,4.0,4.0,4.0,4.0,4.0,4.0,4.0
leaf107,branch_distinct_mean_wup,training_node_total,1080,39273.20185185185,1744.5646229976455,35553.0,36185.0,36918.2,37012.0,38097.0,39101.0,40407.0,41867.0,42716.0,43576.0,44678.0
leaf107,branch_distinct_mean_wup,training_edge_total,1080,520647.2898148148,31204.127967877426,456168.0,464660.0,478991.0,481432.0,498871.0,516287.0,538790.0,568511.1,582019.0,595907.0,616914.0
leaf107,branch_distinct_mean_wup,heldout_node_total,1080,11348.68611111111,539.225740358797,10013.0,10205.96,10485.85,10653.4,10957.75,11339.5,11717.25,12074.0,12262.05,12571.93,12944.0
leaf107,branch_distinct_mean_wup,heldout_edge_total,1080,174489.16666666666,9941.323918244056,147767.0,152966.62,158345.25,161540.7,167382.0,174307.5,181258.0,187505.6,190950.35,197360.86000000002,204188.0
leaf107,branch_distinct_mean_wup,training_internal_layers,1080,0.0,0.0,0.0,0.0,0.0,0.0,0.0,0.0,0.0,0.0,0.0,0.0,0.0
leaf107,branch_distinct_mean_wup,heldout_internal_layers,1080,0.0,0.0,0.0,0.0,0.0,0.0,0.0,0.0,0.0,0.0,0.0,0.0,0.0
leaf107,branch_distinct_mean_wup,row_overlap,1080,0.961802584119651,0.020700294605999276,0.866357975411,0.91006931997972,0.9260894077348001,0.9350747907751,0.94605994364875,0.9684834779210001,0.9789041071572501,0.9836390600178,0.9859857983286501,0.98872590640754,0.993024169778
leaf107,branch_distinct_mean_wup,unique_overlap,1080,0.9122241035307677,0.038867975907285704,0.780283167278,0.82383817480727,0.8441974550276501,0.8620411524533,0.87980598905725,0.9205812923525,0.9459268746275,0.9565267080741,0.9613783213103,0.96896658279601,0.978589420655
leaf107,branch_distinct_mean_wup,positive_coverage,1080,0.970198824900125,0.01656605354564783,0.883807516371,0.92771302469133,0.9415490182153,0.947895812235,0.95964127356675,0.9745227620465,0.983085567413,0.9878114908109,0.9896926217737001,0.99180211099956,0.995147702248
leaf107,branch_distinct_mean_wup,lookup_micro_f1,1080,0.9848015643723683,0.00862687636684582,0.938320405551,0.96250111346815,0.9698946659365,0.9732510396678,0.97940504344525,0.9870970134715,0.99147064914075,0.9938683777202,0.9948196127815,0.99588418494235,0.99756795061
leaf107,branch_distinct_minimax_wup,mean_wup,1080,0.19849678296542964,0.010638665441766585,0.169821300024,0.17752114135827,0.182702297702,0.184571158009,0.190660589411,0.198086774337,0.20535207847675,0.2123875222004,0.21794985569979997,0.224041305916,0.228443362193
leaf107,branch_distinct_minimax_wup,max_wup,1080,0.2540681951792074,0.021313899588093065,0.2,0.2,0.222222222222,0.222222222222,0.25,0.25,0.25,0.285714285714,0.285714285714,0.285714285714,0.333333333333
leaf107,branch_distinct_minimax_wup,mean_heldout_best_wup,1080,0.22293715286791205,0.013813711091927344,0.188461538462,0.195454545455,0.2019672688421,0.202777777778,0.2125,0.220454545455,0.23253968254,0.239484126984,0.248412698413,0.255357142857,0.272817460317
leaf107,branch_distinct_minimax_wup,mean_distance,1080,8.354398148148148,0.5485397320377078,7.0,7.15,7.4,7.6,7.95,8.4,8.75,9.0,9.3,9.5,10.0
leaf107,branch_distinct_minimax_wup,min_distance,1080,5.926851851851852,0.6608482320599574,4.0,5.0,5.0,5.0,6.0,6.0,6.0,7.0,7.0,8.0,8.0
leaf107,branch_distinct_minimax_wup,mean_heldout_nearest_distance,1080,7.168055555555555,0.5630933008771639,5.5,6.0,6.25,6.5,6.75,7.25,7.5,8.0,8.0,8.25,8.75
leaf107,branch_distinct_minimax_wup,ancestor_descendant_pairs,1080,0.0,0.0,0.0,0.0,0.0,0.0,0.0,0.0,0.0,0.0,0.0,0.0,0.0
leaf107,branch_distinct_minimax_wup,train_branch_count,1080,6.036111111111111,1.6927013542191143,3.0,3.0,3.0,4.0,5.0,6.0,7.0,9.0,9.0,10.0,10.0
leaf107,branch_distinct_minimax_wup,heldout_branch_count,1080,4.0,0.0,4.0,4.0,4.0,4.0,4.0,4.0,4.0,4.0,4.0,4.0,4.0
leaf107,branch_distinct_minimax_wup,training_node_total,1080,39273.20185185185,1744.5646229976455,35553.0,36185.0,36918.2,37012.0,38097.0,39101.0,40407.0,41867.0,42716.0,43576.0,44678.0
leaf107,branch_distinct_minimax_wup,training_edge_total,1080,520647.2898148148,31204.127967877426,456168.0,464660.0,478991.0,481432.0,498871.0,516287.0,538790.0,568511.1,582019.0,595907.0,616914.0
leaf107,branch_distinct_minimax_wup,heldout_node_total,1080,11348.68611111111,539.225740358797,10013.0,10205.96,10485.85,10653.4,10957.75,11339.5,11717.25,12074.0,12262.05,12571.93,12944.0
leaf107,branch_distinct_minimax_wup,heldout_edge_total,1080,174489.16666666666,9941.323918244056,147767.0,152966.62,158345.25,161540.7,167382.0,174307.5,181258.0,187505.6,190950.35,197360.86000000002,204188.0
leaf107,branch_distinct_minimax_wup,training_internal_layers,1080,0.0,0.0,0.0,0.0,0.0,0.0,0.0,0.0,0.0,0.0,0.0,0.0,0.0
leaf107,branch_distinct_minimax_wup,heldout_internal_layers,1080,0.0,0.0,0.0,0.0,0.0,0.0,0.0,0.0,0.0,0.0,0.0,0.0,0.0
leaf107,branch_distinct_minimax_wup,row_overlap,1080,0.961802584119651,0.020700294605999276,0.866357975411,0.91006931997972,0.9260894077348001,0.9350747907751,0.94605994364875,0.9684834779210001,0.9789041071572501,0.9836390600178,0.9859857983286501,0.98872590640754,0.993024169778
leaf107,branch_distinct_minimax_wup,unique_overlap,1080,0.9122241035307677,0.038867975907285704,0.780283167278,0.82383817480727,0.8441974550276501,0.8620411524533,0.87980598905725,0.9205812923525,0.9459268746275,0.9565267080741,0.9613783213103,0.96896658279601,0.978589420655
leaf107,branch_distinct_minimax_wup,positive_coverage,1080,0.970198824900125,0.01656605354564783,0.883807516371,0.92771302469133,0.9415490182153,0.947895812235,0.95964127356675,0.9745227620465,0.983085567413,0.9878114908109,0.9896926217737001,0.99180211099956,0.995147702248
leaf107,branch_distinct_minimax_wup,lookup_micro_f1,1080,0.9848015643723683,0.00862687636684582,0.938320405551,0.96250111346815,0.9698946659365,0.9732510396678,0.97940504344525,0.9870970134715,0.99147064914075,0.9938683777202,0.9948196127815,0.99588418494235,0.99756795061
leaf107,branch_distinct_coverall_mean_wup,mean_wup,1080,0.22067175774630185,0.010588118100542235,0.189014814842,0.195566586192,0.20371648123085,0.206841595904,0.2131782009865,0.2207583092965,0.228577394827,0.234251096126,0.23742482170569998,0.24265809398944005,0.247624736375
leaf107,branch_distinct_coverall_mean_wup,max_wup,1080,0.3294642857139658,0.016808254887547232,0.25,0.25,0.285714285714,0.333333333333,0.333333333333,0.333333333333,0.333333333333,0.333333333333,0.333333333333,0.333333333333,0.333333333333
leaf107,branch_distinct_coverall_mean_wup,mean_heldout_best_wup,1080,0.28194795173961945,0.020948554679654084,0.22601010101,0.22601010101,0.246843434343,0.253787878788,0.267676767677,0.284722222222,0.293650793651,0.3125,0.3125,0.333333333333,0.333333333333
leaf107,branch_distinct_coverall_mean_wup,mean_distance,1080,7.578888888888888,0.47115958020128,6.5,6.6395,6.8,7.0,7.2,7.574999999999999,7.9,8.2,8.402499999999998,8.65,9.05
leaf107,branch_distinct_coverall_mean_wup,min_distance,1080,4.090740740740741,0.39822056402923517,4.0,4.0,4.0,4.0,4.0,4.0,4.0,4.0,5.0,6.0,6.0
leaf107,branch_distinct_coverall_mean_wup,mean_heldout_nearest_distance,1080,5.331944444444445,0.5970447119048898,4.0,4.0,4.5,4.5,5.0,5.25,5.75,6.25,6.5,7.0,7.0
leaf107,branch_distinct_coverall_mean_wup,ancestor_descendant_pairs,1080,0.0,0.0,0.0,0.0,0.0,0.0,0.0,0.0,0.0,0.0,0.0,0.0,0.0
leaf107,branch_distinct_coverall_mean_wup,train_branch_count,1080,14.0,0.0,14.0,14.0,14.0,14.0,14.0,14.0,14.0,14.0,14.0,14.0,14.0
leaf107,branch_distinct_coverall_mean_wup,heldout_branch_count,1080,4.0,0.0,4.0,4.0,4.0,4.0,4.0,4.0,4.0,4.0,4.0,4.0,4.0
leaf107,branch_distinct_coverall_mean_wup,training_node_total,1080,37736.98333333333,1783.2516960315625,33521.0,34252.0,34734.7,35421.0,36324.75,37713.0,39135.0,40189.6,40546.299999999996,41105.0,41117.0
leaf107,branch_distinct_coverall_mean_wup,training_edge_total,1080,491296.90555555554,34413.63789149767,410838.0,425440.0,432384.6,445901.0,464250.0,491542.0,518568.0,537052.5,546601.1,556361.0,556755.0
leaf107,branch_distinct_coverall_mean_wup,heldout_node_total,1080,11348.68611111111,539.225740358797,10013.0,10205.96,10485.85,10653.4,10957.75,11339.5,11717.25,12074.0,12262.05,12571.93,12944.0
leaf107,branch_distinct_coverall_mean_wup,heldout_edge_total,1080,174489.16666666666,9941.323918244056,147767.0,152966.62,158345.25,161540.7,167382.0,174307.5,181258.0,187505.6,190950.35,197360.86000000002,204188.0
leaf107,branch_distinct_coverall_mean_wup,training_internal_layers,1080,0.0,0.0,0.0,0.0,0.0,0.0,0.0,0.0,0.0,0.0,0.0,0.0,0.0
leaf107,branch_distinct_coverall_mean_wup,heldout_internal_layers,1080,0.0,0.0,0.0,0.0,0.0,0.0,0.0,0.0,0.0,0.0,0.0,0.0,0.0
leaf107,branch_distinct_coverall_mean_wup,row_overlap,1080,0.9558003474233241,0.02620952020348582,0.872166394017,0.8850417706415801,0.9029982317676,0.9137061390302,0.94542188150675,0.9638522882164999,0.9745813998464999,0.9825360124558,0.9857503361138,0.99009706806916,0.992827667518
leaf107,branch_distinct_coverall_mean_wup,unique_overlap,1080,0.9014510156075843,0.04408548187118924,0.770308123249,0.80029250247251,0.81765915639595,0.8337407980367,0.868426415411,0.9093412783754999,0.935088326659,0.9524549734644,0.96091973247025,0.97173229780833,0.978274559194
leaf107,branch_distinct_coverall_mean_wup,positive_coverage,1080,0.9647153184293815,0.021770113923280106,0.895305902553,0.90633930275692,0.9194428411037,0.9278379546809,0.956376727214,0.9723166226495,0.9801483583789999,0.9857403851378,0.9884177069871,0.99190496365531,0.993926015047
leaf107,branch_distinct_coverall_mean_wup,lookup_micro_f1,1080,0.9819143544467368,0.011424314471656096,0.944761372132,0.95086880656867,0.958030966964,0.9625684071659,0.9777020026350001,0.9859640266395,0.9899746687087501,0.9928189933696,0.99417512070415,0.9959360327522,0.996953756104
leaf107,branch_distinct_node_stratified_mean_wup,mean_wup,1062,0.2030857718451337,0.01093509189574114,0.172609057609,0.180713106338,0.186867854368,0.1882316398876,0.195605644356,0.202947191697,0.210445804196,0.2182882187256,0.221342268842,0.226976010101,0.232490079365
leaf107,branch_distinct_node_stratified_mean_wup,max_wup,1062,0.2941754102768738,0.03299326105316089,0.2,0.25,0.25,0.25,0.25,0.285714285714,0.333333333333,0.333333333333,0.333333333333,0.333333333333,0.333333333333
leaf107,branch_distinct_node_stratified_mean_wup,mean_heldout_best_wup,1062,0.2536055503923013,0.021307142435159687,0.2,0.2125,0.225,0.225,0.2375,0.248412698413,0.270833333333,0.279761904762,0.291666666667,0.300595238095,0.300595238095
leaf107,branch_distinct_node_stratified_mean_wup,mean_distance,1062,8.183380414312618,0.5410127379050437,6.85,7.05,7.3,7.4,7.8,8.25,8.55,8.85,8.9,9.25,9.7
leaf107,branch_distinct_node_stratified_mean_wup,min_distance,1062,4.886064030131827,0.7834370175438561,4.0,4.0,4.0,4.0,4.0,5.0,6.0,6.0,6.0,6.0,8.0
leaf107,branch_distinct_node_stratified_mean_wup,mean_heldout_nearest_distance,1062,6.124764595103578,0.6643923837138848,4.75,4.75,5.0,5.25,5.75,6.25,6.5,7.0,7.0,7.5,8.0
leaf107,branch_distinct_node_stratified_mean_wup,ancestor_descendant_pairs,1062,0.0,0.0,0.0,0.0,0.0,0.0,0.0,0.0,0.0,0.0,0.0,0.0,0.0
leaf107,branch_distinct_node_stratified_mean_wup,train_branch_count,1062,6.594161958568738,1.5833975461056247,3.0,3.0,4.0,4.0,6.0,7.0,8.0,8.0,9.0,10.0,10.0
leaf107,branch_distinct_node_stratified_mean_wup,heldout_branch_count,1062,4.0,0.0,4.0,4.0,4.0,4.0,4.0,4.0,4.0,4.0,4.0,4.0,4.0
leaf107,branch_distinct_node_stratified_mean_wup,training_node_total,1062,41442.24199623352,367.9604264144894,40282.0,40696.0,40794.0,40894.0,41126.0,41549.0,41717.0,41888.0,41944.0,42072.0,42187.0
leaf107,branch_distinct_node_stratified_mean_wup,training_edge_total,1062,563050.7740112995,6278.306440614744,545407.0,548201.0,552354.0,553518.0,558726.0,563637.0,567079.0,570687.0,573055.4999999999,578043.0,579701.0
leaf107,branch_distinct_node_stratified_mean_wup,heldout_node_total,1062,11352.584745762711,539.6577526394535,10013.0,10201.64,10486.0,10659.9,10958.75,11341.0,11721.0,12079.4,12262.95,12577.870000000003,12944.0
leaf107,branch_distinct_node_stratified_mean_wup,heldout_edge_total,1062,174605.64689265538,9933.469801743668,147767.0,152898.58,158368.3,161713.4,167612.0,174428.5,181473.5,187545.2,191010.65,197480.74000000008,204188.0
leaf107,branch_distinct_node_stratified_mean_wup,training_internal_layers,1062,0.0,0.0,0.0,0.0,0.0,0.0,0.0,0.0,0.0,0.0,0.0,0.0,0.0
leaf107,branch_distinct_node_stratified_mean_wup,heldout_internal_layers,1062,0.0,0.0,0.0,0.0,0.0,0.0,0.0,0.0,0.0,0.0,0.0,0.0,0.0
leaf107,branch_distinct_node_stratified_mean_wup,row_overlap,1062,0.9701010267962608,0.017121636280078838,0.890570619183,0.92447879286294,0.9359943087486,0.9426432579557,0.9596764634725,0.9764211860095,0.983405392326,0.9869637349632,0.98838742619185,0.99071008234553,0.993908429947
leaf107,branch_distinct_node_stratified_mean_wup,unique_overlap,1062,0.9283392763145443,0.034229931703810515,0.806240167803,0.84674094032565,0.8605202127245,0.875019872814,0.90494607671425,0.940123821527,0.95612559542,0.9639916691386999,0.9674005892755,0.9738901378416001,0.981423173804
leaf107,branch_distinct_node_stratified_mean_wup,positive_coverage,1062,0.9764130659485726,0.013638542852573089,0.906902626124,0.9411251971461799,0.948654788954,0.9547987204035,0.96889759156525,0.9807014341065,0.9871434867625,0.9905757200637,0.9917567744239499,0.9935624023123,0.995645917418
leaf107,branch_distinct_node_stratified_mean_wup,lookup_micro_f1,1062,0.9880172927588304,0.007034419484016512,0.951178747881,0.96966974955472,0.9736509454499,0.9768767576235,0.9842031350405,0.9902567007659999,0.99353015354775,0.9952655506239,0.9958613292113501,0.99677080703312,0.99781820886
leaf107,branch_distinct_node_stratified_minimax_wup,mean_wup,1062,0.2030857718451337,0.01093509189574114,0.172609057609,0.180713106338,0.186867854368,0.1882316398876,0.195605644356,0.202947191697,0.210445804196,0.2182882187256,0.221342268842,0.226976010101,0.232490079365
leaf107,branch_distinct_node_stratified_minimax_wup,max_wup,1062,0.2941754102768738,0.03299326105316089,0.2,0.25,0.25,0.25,0.25,0.285714285714,0.333333333333,0.333333333333,0.333333333333,0.333333333333,0.333333333333
leaf107,branch_distinct_node_stratified_minimax_wup,mean_heldout_best_wup,1062,0.2536055503923013,0.021307142435159687,0.2,0.2125,0.225,0.225,0.2375,0.248412698413,0.270833333333,0.279761904762,0.291666666667,0.300595238095,0.300595238095
leaf107,branch_distinct_node_stratified_minimax_wup,mean_distance,1062,8.183380414312618,0.5410127379050437,6.85,7.05,7.3,7.4,7.8,8.25,8.55,8.85,8.9,9.25,9.7
leaf107,branch_distinct_node_stratified_minimax_wup,min_distance,1062,4.886064030131827,0.7834370175438561,4.0,4.0,4.0,4.0,4.0,5.0,6.0,6.0,6.0,6.0,8.0
leaf107,branch_distinct_node_stratified_minimax_wup,mean_heldout_nearest_distance,1062,6.124764595103578,0.6643923837138848,4.75,4.75,5.0,5.25,5.75,6.25,6.5,7.0,7.0,7.5,8.0
leaf107,branch_distinct_node_stratified_minimax_wup,ancestor_descendant_pairs,1062,0.0,0.0,0.0,0.0,0.0,0.0,0.0,0.0,0.0,0.0,0.0,0.0,0.0
leaf107,branch_distinct_node_stratified_minimax_wup,train_branch_count,1062,6.594161958568738,1.5833975461056247,3.0,3.0,4.0,4.0,6.0,7.0,8.0,8.0,9.0,10.0,10.0
leaf107,branch_distinct_node_stratified_minimax_wup,heldout_branch_count,1062,4.0,0.0,4.0,4.0,4.0,4.0,4.0,4.0,4.0,4.0,4.0,4.0,4.0
leaf107,branch_distinct_node_stratified_minimax_wup,training_node_total,1062,41442.24199623352,367.9604264144894,40282.0,40696.0,40794.0,40894.0,41126.0,41549.0,41717.0,41888.0,41944.0,42072.0,42187.0
leaf107,branch_distinct_node_stratified_minimax_wup,training_edge_total,1062,563050.7740112995,6278.306440614744,545407.0,548201.0,552354.0,553518.0,558726.0,563637.0,567079.0,570687.0,573055.4999999999,578043.0,579701.0
leaf107,branch_distinct_node_stratified_minimax_wup,heldout_node_total,1062,11352.584745762711,539.6577526394535,10013.0,10201.64,10486.0,10659.9,10958.75,11341.0,11721.0,12079.4,12262.95,12577.870000000003,12944.0
leaf107,branch_distinct_node_stratified_minimax_wup,heldout_edge_total,1062,174605.64689265538,9933.469801743668,147767.0,152898.58,158368.3,161713.4,167612.0,174428.5,181473.5,187545.2,191010.65,197480.74000000008,204188.0
leaf107,branch_distinct_node_stratified_minimax_wup,training_internal_layers,1062,0.0,0.0,0.0,0.0,0.0,0.0,0.0,0.0,0.0,0.0,0.0,0.0,0.0
leaf107,branch_distinct_node_stratified_minimax_wup,heldout_internal_layers,1062,0.0,0.0,0.0,0.0,0.0,0.0,0.0,0.0,0.0,0.0,0.0,0.0,0.0
leaf107,branch_distinct_node_stratified_minimax_wup,row_overlap,1062,0.9701010267962608,0.017121636280078838,0.890570619183,0.92447879286294,0.9359943087486,0.9426432579557,0.9596764634725,0.9764211860095,0.983405392326,0.9869637349632,0.98838742619185,0.99071008234553,0.993908429947
leaf107,branch_distinct_node_stratified_minimax_wup,unique_overlap,1062,0.9283392763145443,0.034229931703810515,0.806240167803,0.84674094032565,0.8605202127245,0.875019872814,0.90494607671425,0.940123821527,0.95612559542,0.9639916691386999,0.9674005892755,0.9738901378416001,0.981423173804
leaf107,branch_distinct_node_stratified_minimax_wup,positive_coverage,1062,0.9764130659485726,0.013638542852573089,0.906902626124,0.9411251971461799,0.948654788954,0.9547987204035,0.96889759156525,0.9807014341065,0.9871434867625,0.9905757200637,0.9917567744239499,0.9935624023123,0.995645917418
leaf107,branch_distinct_node_stratified_minimax_wup,lookup_micro_f1,1062,0.9880172927588304,0.007034419484016512,0.951178747881,0.96966974955472,0.9736509454499,0.9768767576235,0.9842031350405,0.9902567007659999,0.99353015354775,0.9952655506239,0.9958613292113501,0.99677080703312,0.99781820886
leaf107,branch_distinct_coverall_node_stratified_mean_wup,mean_wup,1062,0.22422699559053014,0.010689002569135499,0.194151577589,0.19860614871256999,0.207097971473,0.20940065143179998,0.218527325922,0.223667443667,0.232542041292,0.237357989233,0.240916583417,0.24718584748581005,0.25106539294
leaf107,branch_distinct_coverall_node_stratified_mean_wup,max_wup,1062,0.3296004842611808,0.016533998290111995,0.25,0.25,0.2880952380949502,0.333333333333,0.333333333333,0.333333333333,0.333333333333,0.333333333333,0.333333333333,0.333333333333,0.333333333333
leaf107,branch_distinct_coverall_node_stratified_mean_wup,mean_heldout_best_wup,1062,0.28218219319914317,0.020942005093478204,0.22601010101,0.22601010101,0.246843434343,0.253787878788,0.267676767677,0.284722222222,0.293650793651,0.3125,0.3125,0.333333333333,0.333333333333
leaf107,branch_distinct_coverall_node_stratified_mean_wup,mean_distance,1062,7.4162429378531085,0.46194208453515895,6.35,6.4805,6.7,6.805000000000001,7.05,7.45,7.75,8.05,8.2,8.419500000000005,8.7
leaf107,branch_distinct_coverall_node_stratified_mean_wup,min_distance,1062,4.0875706214689265,0.39178165768473605,4.0,4.0,4.0,4.0,4.0,4.0,4.0,4.0,4.949999999999932,6.0,6.0
leaf107,branch_distinct_coverall_node_stratified_mean_wup,mean_heldout_nearest_distance,1062,5.326271186440678,0.5967410977121361,4.0,4.0,4.5,4.5,5.0,5.25,5.75,6.25,6.5,7.0,7.0
leaf107,branch_distinct_coverall_node_stratified_mean_wup,ancestor_descendant_pairs,1062,0.0,0.0,0.0,0.0,0.0,0.0,0.0,0.0,0.0,0.0,0.0,0.0,0.0
leaf107,branch_distinct_coverall_node_stratified_mean_wup,train_branch_count,1062,14.0,0.0,14.0,14.0,14.0,14.0,14.0,14.0,14.0,14.0,14.0,14.0,14.0
leaf107,branch_distinct_coverall_node_stratified_mean_wup,heldout_branch_count,1062,4.0,0.0,4.0,4.0,4.0,4.0,4.0,4.0,4.0,4.0,4.0,4.0,4.0
leaf107,branch_distinct_coverall_node_stratified_mean_wup,training_node_total,1062,41767.10075329567,439.7170500332147,40499.0,40855.22,40995.25,41158.5,41461.0,41766.0,42076.0,42314.0,42457.0,42692.0,42775.0
leaf107,branch_distinct_coverall_node_stratified_mean_wup,training_edge_total,1062,569867.5979284369,7126.17705179503,547151.0,553045.34,556717.15,559551.0,565118.5,570775.0,574512.25,578513.0,581541.8,583844.0,584623.0
leaf107,branch_distinct_coverall_node_stratified_mean_wup,heldout_node_total,1062,11352.584745762711,539.6577526394535,10013.0,10201.64,10486.0,10659.9,10958.75,11341.0,11721.0,12079.4,12262.95,12577.870000000003,12944.0
leaf107,branch_distinct_coverall_node_stratified_mean_wup,heldout_edge_total,1062,174605.64689265538,9933.469801743668,147767.0,152898.58,158368.3,161713.4,167612.0,174428.5,181473.5,187545.2,191010.65,197480.74000000008,204188.0
leaf107,branch_distinct_coverall_node_stratified_mean_wup,training_internal_layers,1062,0.0,0.0,0.0,0.0,0.0,0.0,0.0,0.0,0.0,0.0,0.0,0.0,0.0
leaf107,branch_distinct_coverall_node_stratified_mean_wup,heldout_internal_layers,1062,0.0,0.0,0.0,0.0,0.0,0.0,0.0,0.0,0.0,0.0,0.0,0.0,0.0
leaf107,branch_distinct_coverall_node_stratified_mean_wup,row_overlap,1062,0.9759468385535377,0.01037999702594201,0.936937647987,0.94906425996329,0.9571833754027,0.9612782193047,0.969204010559,0.9771386677445,0.98425584581375,0.9881379944075,0.98968262779805,0.99190535263893,0.995185694635
leaf107,branch_distinct_coverall_node_stratified_mean_wup,unique_overlap,1062,0.9395161059427259,0.02254890975257542,0.867654573327,0.88518823196968,0.90115932021715,0.9090236820144001,0.92381407842825,0.941608777357,0.9575562737757499,0.9672634210398,0.97116659716085,0.97694000684768,0.984571788413
leaf107,branch_distinct_coverall_node_stratified_mean_wup,positive_coverage,1062,0.9811366656804389,0.008135346993862298,0.950376439327,0.95935557885919,0.9663722275384,0.9697950040971001,0.97566296830625,0.9821943490185,0.9874915382845,0.990717717984,0.9919635118968,0.9939510158457201,0.99569096879
leaf107,branch_distinct_coverall_node_stratified_mean_wup,lookup_micro_f1,1062,0.9904614732294773,0.004157549706155627,0.974556931845,0.97925623016839,0.9828985722246,0.9846659190951,0.987681587343,0.991017202011,0.993706407562,0.9953372183653,0.99596554439225,0.99696632809236,0.997840832435
