universe,null,block,start,end,metric,mean
all144,uniform,0,0,50000,mean_wup,0.2768670172038674
all144,uniform,0,0,50000,row_overlap,0.9828578240406514
all144,uniform,0,0,50000,f1,0.9932986719441413
all144,uniform,0,0,50000,role_min_f1,0.9909916264021397
all144,uniform,0,0,50000,train_nodes,44321.0431
all144,uniform,0,0,50000,train_edges,616714.11758
all144,uniform,1,50000,100000,mean_wup,0.2768122991430759
all144,uniform,1,50000,100000,row_overlap,0.98280985491395
all144,uniform,1,50000,100000,f1,0.9932735996329785
all144,uniform,1,50000,100000,role_min_f1,0.9909623634362221
all144,uniform,1,50000,100000,train_nodes,44327.96898
all144,uniform,1,50000,100000,train_edges,616841.15596
all144,uniform,2,100000,150000,mean_wup,0.27684047241210935
all144,uniform,2,100000,150000,row_overlap,0.9828710429692268
all144,uniform,2,100000,150000,f1,0.9933010351371765
all144,uniform,2,100000,150000,role_min_f1,0.9909833756577968
all144,uniform,2,100000,150000,train_nodes,44344.18988
all144,uniform,2,100000,150000,train_edges,617187.09854
all144,uniform,3,150000,200000,mean_wup,0.27684262249082325
all144,uniform,3,150000,200000,row_overlap,0.982910602709055
all144,uniform,3,150000,200000,f1,0.9933190082931519
all144,uniform,3,150000,200000,role_min_f1,0.991007805302143
all144,uniform,3,150000,200000,train_nodes,44330.30438
all144,uniform,3,150000,200000,train_edges,616882.2959
all144,uniform,4,200000,250000,mean_wup,0.27677817855507136
all144,uniform,4,200000,250000,row_overlap,0.982846540235281
all144,uniform,4,200000,250000,f1,0.9932879394602776
all144,uniform,4,200000,250000,role_min_f1,0.9909618021941184
all144,uniform,4,200000,250000,train_nodes,44341.75112
all144,uniform,4,200000,250000,train_edges,617112.27942
all144,uniform,5,250000,300000,mean_wup,0.2768466728717089
all144,uniform,5,250000,300000,row_overlap,0.9829334604156017
all144,uniform,5,250000,300000,f1,0.9933220058846474
all144,uniform,5,250000,300000,role_min_f1,0.9910205000138282
all144,uniform,5,250000,300000,train_nodes,44321.83754
all144,uniform,5,250000,300000,train_edges,616686.31732
all144,uniform,6,300000,350000,mean_wup,0.2768815885451436
all144,uniform,6,300000,350000,row_overlap,0.982897755792141
all144,uniform,6,300000,350000,f1,0.9933089201343059
all144,uniform,6,300000,350000,role_min_f1,0.9909876969528199
all144,uniform,6,300000,350000,train_nodes,44332.67242
all144,uniform,6,300000,350000,train_edges,616932.07342
all144,uniform,7,350000,400000,mean_wup,0.2767146305578947
all144,uniform,7,350000,400000,row_overlap,0.9828299365854263
all144,uniform,7,350000,400000,f1,0.9932841129374504
all144,uniform,7,350000,400000,role_min_f1,0.9909693093657493
all144,uniform,7,350000,400000,train_nodes,44311.74678
all144,uniform,7,350000,400000,train_edges,616526.69956
all144,uniform,8,400000,450000,mean_wup,0.2768224403807521
all144,uniform,8,400000,450000,row_overlap,0.98281593100667
all144,uniform,8,400000,450000,f1,0.9932791351926327
all144,uniform,8,400000,450000,role_min_f1,0.9909627527904511
all144,uniform,8,400000,450000,train_nodes,44322.75124
all144,uniform,8,400000,450000,train_edges,616741.30908
all144,uniform,9,450000,500000,mean_wup,0.2769323370823264
all144,uniform,9,450000,500000,row_overlap,0.9827850590932369
all144,uniform,9,450000,500000,f1,0.9932681585931777
all144,uniform,9,450000,500000,role_min_f1,0.9909534316194057
all144,uniform,9,450000,500000,train_nodes,44327.40624
all144,uniform,9,450000,500000,train_edges,616817.78052
all144,uniform,10,500000,550000,mean_wup,0.27700679735183714
all144,uniform,10,500000,550000,row_overlap,0.982925307585001
all144,uniform,10,500000,550000,f1,0.9933210830247402
all144,uniform,10,500000,550000,role_min_f1,0.9910172927868366
all144,uniform,10,500000,550000,train_nodes,44334.62692
all144,uniform,10,500000,550000,train_edges,616966.82258
all144,uniform,11,550000,600000,mean_wup,0.27697858567535877
all144,uniform,11,550000,600000,row_overlap,0.9828210116493702
all144,uniform,11,550000,600000,f1,0.9932823464417457
all144,uniform,11,550000,600000,role_min_f1,0.9909600402367115
all144,uniform,11,550000,600000,train_nodes,44330.77812
all144,uniform,11,550000,600000,train_edges,616911.60866
all144,uniform,12,600000,650000,mean_wup,0.2768481349414587
all144,uniform,12,600000,650000,row_overlap,0.9829244993579388
all144,uniform,12,600000,650000,f1,0.993315386852026
all144,uniform,12,600000,650000,role_min_f1,0.9910102706682682
all144,uniform,12,600000,650000,train_nodes,44345.96694
all144,uniform,12,600000,650000,train_edges,617190.07306
all144,uniform,13,650000,700000,mean_wup,0.27682633274406193
all144,uniform,13,650000,700000,row_overlap,0.9828862955987453
all144,uniform,13,650000,700000,f1,0.9932998866736888
all144,uniform,13,650000,700000,role_min_f1,0.9909882055258751
all144,uniform,13,650000,700000,train_nodes,44321.84522
all144,uniform,13,650000,700000,train_edges,616696.0103
all144,uniform,14,700000,750000,mean_wup,0.27681943051367996
all144,uniform,14,700000,750000,row_overlap,0.9828343544733524
all144,uniform,14,700000,750000,f1,0.9932893898415566
all144,uniform,14,700000,750000,role_min_f1,0.9909692600739002
all144,uniform,14,700000,750000,train_nodes,44327.13428
all144,uniform,14,700000,750000,train_edges,616835.65386
all144,uniform,15,750000,800000,mean_wup,0.27683395726799964
all144,uniform,15,750000,800000,row_overlap,0.9827082388663292
all144,uniform,15,750000,800000,f1,0.9932402420604229
all144,uniform,15,750000,800000,role_min_f1,0.9909243713700772
all144,uniform,15,750000,800000,train_nodes,44310.0606
all144,uniform,15,750000,800000,train_edges,616524.455
all144,uniform,16,800000,850000,mean_wup,0.2768446594873071
all144,uniform,16,800000,850000,row_overlap,0.9828996226525307
all144,uniform,16,800000,850000,f1,0.9933103044521808
all144,uniform,16,800000,850000,role_min_f1,0.9910112505948544
all144,uniform,16,800000,850000,train_nodes,44336.82266
all144,uniform,16,800000,850000,train_edges,617005.20478
all144,uniform,17,850000,900000,mean_wup,0.27691521343082187
all144,uniform,17,850000,900000,row_overlap,0.9827715664505958
all144,uniform,17,850000,900000,f1,0.993257082169056
all144,uniform,17,850000,900000,role_min_f1,0.9909295382547378
all144,uniform,17,850000,900000,train_nodes,44326.24906
all144,uniform,17,850000,900000,train_edges,616816.03492
all144,uniform,18,900000,950000,mean_wup,0.27690999614059925
all144,uniform,18,900000,950000,row_overlap,0.9828438624703885
all144,uniform,18,900000,950000,f1,0.9932874274909497
all144,uniform,18,900000,950000,role_min_f1,0.9909763549101352
all144,uniform,18,900000,950000,train_nodes,44321.07498
all144,uniform,18,900000,950000,train_edges,616715.4638
all144,uniform,19,950000,1000000,mean_wup,0.27687208700060845
all144,uniform,19,950000,1000000,row_overlap,0.9827843426740169
all144,uniform,19,950000,1000000,f1,0.9932664242410659
all144,uniform,19,950000,1000000,role_min_f1,0.9909536776697636
all144,uniform,19,950000,1000000,train_nodes,44316.68042
all144,uniform,19,950000,1000000,train_edges,616644.92138
all144,matched_stratified,0,0,50000,mean_wup,0.24784994970589877
all144,matched_stratified,0,0,50000,row_overlap,0.9795942312228679
all144,matched_stratified,0,0,50000,f1,0.9920565549635887
all144,matched_stratified,0,0,50000,role_min_f1,0.9897007086932659
all144,matched_stratified,0,0,50000,train_nodes,44819.49332
all144,matched_stratified,0,0,50000,train_edges,627338.74584
all144,matched_stratified,1,50000,100000,mean_wup,0.2477181995409727
all144,matched_stratified,1,50000,100000,row_overlap,0.9796251328194141
all144,matched_stratified,1,50000,100000,f1,0.9920689536631108
all144,matched_stratified,1,50000,100000,role_min_f1,0.9897076593720913
all144,matched_stratified,1,50000,100000,train_nodes,44818.36688
all144,matched_stratified,1,50000,100000,train_edges,627303.72774
all144,matched_stratified,2,100000,150000,mean_wup,0.24784261768877505
all144,matched_stratified,2,100000,150000,row_overlap,0.9796237189495564
all144,matched_stratified,2,100000,150000,f1,0.9920691600871087
all144,matched_stratified,2,100000,150000,role_min_f1,0.9897129660916328
all144,matched_stratified,2,100000,150000,train_nodes,44825.52052
all144,matched_stratified,2,100000,150000,train_edges,627403.6524
all144,matched_stratified,3,150000,200000,mean_wup,0.24775049803763627
all144,matched_stratified,3,150000,200000,row_overlap,0.9796678001773358
all144,matched_stratified,3,150000,200000,f1,0.9920836852860451
all144,matched_stratified,3,150000,200000,role_min_f1,0.9897215306270123
all144,matched_stratified,3,150000,200000,train_nodes,44821.83486
all144,matched_stratified,3,150000,200000,train_edges,627340.89336
all144,matched_stratified,4,200000,250000,mean_wup,0.24771426584511996
all144,matched_stratified,4,200000,250000,row_overlap,0.9796261417925358
all144,matched_stratified,4,200000,250000,f1,0.9920689012646675
all144,matched_stratified,4,200000,250000,role_min_f1,0.9897111149227619
all144,matched_stratified,4,200000,250000,train_nodes,44821.78486
all144,matched_stratified,4,200000,250000,train_edges,627379.29646
all144,matched_stratified,5,250000,300000,mean_wup,0.2476892440584302
all144,matched_stratified,5,250000,300000,row_overlap,0.9797807892477512
all144,matched_stratified,5,250000,300000,f1,0.992127959895134
all144,matched_stratified,5,250000,300000,role_min_f1,0.9897864063537121
all144,matched_stratified,5,250000,300000,train_nodes,44826.69344
all144,matched_stratified,5,250000,300000,train_edges,627413.3613
all144,matched_stratified,6,300000,350000,mean_wup,0.2477355500936508
all144,matched_stratified,6,300000,350000,row_overlap,0.9796980756485463
all144,matched_stratified,6,300000,350000,f1,0.9921007012498378
all144,matched_stratified,6,300000,350000,role_min_f1,0.9897608944702149
all144,matched_stratified,6,300000,350000,train_nodes,44819.54288
all144,matched_stratified,6,300000,350000,train_edges,627323.99742
all144,matched_stratified,7,350000,400000,mean_wup,0.24784470274478196
all144,matched_stratified,7,350000,400000,row_overlap,0.9796145868217945
all144,matched_stratified,7,350000,400000,f1,0.9920668869245053
all144,matched_stratified,7,350000,400000,role_min_f1,0.989696311981678
all144,matched_stratified,7,350000,400000,train_nodes,44827.562
all144,matched_stratified,7,350000,400000,train_edges,627413.44206
all144,matched_stratified,8,400000,450000,mean_wup,0.2478052692615986
all144,matched_stratified,8,400000,450000,row_overlap,0.9796323609161377
all144,matched_stratified,8,400000,450000,f1,0.9920687968611718
all144,matched_stratified,8,400000,450000,role_min_f1,0.9897057823216915
all144,matched_stratified,8,400000,450000,train_nodes,44822.54376
all144,matched_stratified,8,400000,450000,train_edges,627355.9538
all144,matched_stratified,9,450000,500000,mean_wup,0.2478130157890916
all144,matched_stratified,9,450000,500000,row_overlap,0.9796681902050972
all144,matched_stratified,9,450000,500000,f1,0.9920911215746403
all144,matched_stratified,9,450000,500000,role_min_f1,0.9897334737586975
all144,matched_stratified,9,450000,500000,train_nodes,44818.79638
all144,matched_stratified,9,450000,500000,train_edges,627275.63516
all144,matched_stratified,10,500000,550000,mean_wup,0.24770034405380487
all144,matched_stratified,10,500000,550000,row_overlap,0.9796465897762775
all144,matched_stratified,10,500000,550000,f1,0.9920799166357517
all144,matched_stratified,10,500000,550000,role_min_f1,0.9897189094042778
all144,matched_stratified,10,500000,550000,train_nodes,44823.04618
all144,matched_stratified,10,500000,550000,train_edges,627398.98762
all144,matched_stratified,11,550000,600000,mean_wup,0.24773950088679791
all144,matched_stratified,11,550000,600000,row_overlap,0.979634546289444
all144,matched_stratified,11,550000,600000,f1,0.9920830198657513
all144,matched_stratified,11,550000,600000,role_min_f1,0.9897139484286308
all144,matched_stratified,11,550000,600000,train_nodes,44825.31092
all144,matched_stratified,11,550000,600000,train_edges,627389.82312
all144,matched_stratified,12,600000,650000,mean_wup,0.24774209118455648
all144,matched_stratified,12,600000,650000,row_overlap,0.9796823253548145
all144,matched_stratified,12,600000,650000,f1,0.9920915784430504
all144,matched_stratified,12,600000,650000,role_min_f1,0.9897399780058861
all144,matched_stratified,12,600000,650000,train_nodes,44827.2073
all144,matched_stratified,12,600000,650000,train_edges,627410.38184
all144,matched_stratified,13,650000,700000,mean_wup,0.24783451498895884
all144,matched_stratified,13,650000,700000,row_overlap,0.9796916860425472
all144,matched_stratified,13,650000,700000,f1,0.9920937465167046
all144,matched_stratified,13,650000,700000,role_min_f1,0.9897407075178624
all144,matched_stratified,13,650000,700000,train_nodes,44826.07844
all144,matched_stratified,13,650000,700000,train_edges,627461.93702
all144,matched_stratified,14,700000,750000,mean_wup,0.24780007232934237
all144,matched_stratified,14,700000,750000,row_overlap,0.9797460185837745
all144,matched_stratified,14,700000,750000,f1,0.9921175028598308
all144,matched_stratified,14,700000,750000,role_min_f1,0.9897716751837731
all144,matched_stratified,14,700000,750000,train_nodes,44826.03884
all144,matched_stratified,14,700000,750000,train_edges,627403.48914
all144,matched_stratified,15,750000,800000,mean_wup,0.24771803299456835
all144,matched_stratified,15,750000,800000,row_overlap,0.9796339864671231
all144,matched_stratified,15,750000,800000,f1,0.9920676624202728
all144,matched_stratified,15,750000,800000,role_min_f1,0.9897173185181618
all144,matched_stratified,15,750000,800000,train_nodes,44822.09238
all144,matched_stratified,15,750000,800000,train_edges,627351.74896
all144,matched_stratified,16,800000,850000,mean_wup,0.2477892006549239
all144,matched_stratified,16,800000,850000,row_overlap,0.9796575446867943
all144,matched_stratified,16,800000,850000,f1,0.9920811616289615
all144,matched_stratified,16,800000,850000,role_min_f1,0.9897326737356186
all144,matched_stratified,16,800000,850000,train_nodes,44818.76446
all144,matched_stratified,16,800000,850000,train_edges,627331.49208
all144,matched_stratified,17,850000,900000,mean_wup,0.24773195730000735
all144,matched_stratified,17,850000,900000,row_overlap,0.9797168954539299
all144,matched_stratified,17,850000,900000,f1,0.992101845676899
all144,matched_stratified,17,850000,900000,role_min_f1,0.9897466613912582
all144,matched_stratified,17,850000,900000,train_nodes,44824.11122
all144,matched_stratified,17,850000,900000,train_edges,627387.09768
all144,matched_stratified,18,900000,950000,mean_wup,0.24787284649789335
all144,matched_stratified,18,900000,950000,row_overlap,0.9796646162819862
all144,matched_stratified,18,900000,950000,f1,0.9920829023361206
all144,matched_stratified,18,900000,950000,role_min_f1,0.9897192406237125
all144,matched_stratified,18,900000,950000,train_nodes,44827.848
all144,matched_stratified,18,900000,950000,train_edges,627456.68792
all144,matched_stratified,19,950000,1000000,mean_wup,0.24779284696429968
all144,matched_stratified,19,950000,1000000,row_overlap,0.9796859591710567
all144,matched_stratified,19,950000,1000000,f1,0.9920914451646805
all144,matched_stratified,19,950000,1000000,role_min_f1,0.9897478853344918
all144,matched_stratified,19,950000,1000000,train_nodes,44825.46052
all144,matched_stratified,19,950000,1000000,train_edges,627420.99416
leaf107,uniform,0,0,50000,mean_wup,0.25037768316924575
leaf107,uniform,0,0,50000,row_overlap,0.9696917454087735
leaf107,uniform,0,0,50000,f1,0.9875876301944256
leaf107,uniform,0,0,50000,role_min_f1,0.9844188391327858
leaf107,uniform,0,0,50000,train_nodes,40526.94272
leaf107,uniform,0,0,50000,train_edges,541968.80414
leaf107,uniform,1,50000,100000,mean_wup,0.25027791734158994
leaf107,uniform,1,50000,100000,row_overlap,0.969570731369257
leaf107,uniform,1,50000,100000,f1,0.9875452219498158
leaf107,uniform,1,50000,100000,role_min_f1,0.9843346001064778
leaf107,uniform,1,50000,100000,train_nodes,40507.62368
leaf107,uniform,1,50000,100000,train_edges,541633.45294
leaf107,uniform,2,100000,150000,mean_wup,0.2503445379897952
leaf107,uniform,2,100000,150000,row_overlap,0.9696399244344235
leaf107,uniform,2,100000,150000,f1,0.9875690887188912
leaf107,uniform,2,100000,150000,role_min_f1,0.9843628962492943
leaf107,uniform,2,100000,150000,train_nodes,40514.0287
leaf107,uniform,2,100000,150000,train_edges,541730.58952
leaf107,uniform,3,150000,200000,mean_wup,0.25023906873077156
leaf107,uniform,3,150000,200000,row_overlap,0.9696204437959194
leaf107,uniform,3,150000,200000,f1,0.9875629251086712
leaf107,uniform,3,150000,200000,role_min_f1,0.984343996821642
leaf107,uniform,3,150000,200000,train_nodes,40504.65606
leaf107,uniform,3,150000,200000,train_edges,541540.7622
leaf107,uniform,4,200000,250000,mean_wup,0.25028177651673555
leaf107,uniform,4,200000,250000,row_overlap,0.9698034660089015
leaf107,uniform,4,200000,250000,f1,0.9876407444179058
leaf107,uniform,4,200000,250000,role_min_f1,0.9844367564165593
leaf107,uniform,4,200000,250000,train_nodes,40518.38892
leaf107,uniform,4,200000,250000,train_edges,541819.70494
leaf107,uniform,5,250000,300000,mean_wup,0.2503695001077652
leaf107,uniform,5,250000,300000,row_overlap,0.9696189218378067
leaf107,uniform,5,250000,300000,f1,0.9875654673600197
leaf107,uniform,5,250000,300000,role_min_f1,0.9843673272538185
leaf107,uniform,5,250000,300000,train_nodes,40514.35652
leaf107,uniform,5,250000,300000,train_edges,541735.50288
leaf107,uniform,6,300000,350000,mean_wup,0.25034868831783536
leaf107,uniform,6,300000,350000,row_overlap,0.9696886385786533
leaf107,uniform,6,300000,350000,f1,0.9875890611112118
leaf107,uniform,6,300000,350000,role_min_f1,0.984398523542881
leaf107,uniform,6,300000,350000,train_nodes,40518.5227
leaf107,uniform,6,300000,350000,train_edges,541828.16408
leaf107,uniform,7,350000,400000,mean_wup,0.2504559439763427
leaf107,uniform,7,350000,400000,row_overlap,0.9697583566725254
leaf107,uniform,7,350000,400000,f1,0.9876219581687451
leaf107,uniform,7,350000,400000,role_min_f1,0.9844261003184318
leaf107,uniform,7,350000,400000,train_nodes,40509.39782
leaf107,uniform,7,350000,400000,train_edges,541670.37702
leaf107,uniform,8,400000,450000,mean_wup,0.25043066031783817
leaf107,uniform,8,400000,450000,row_overlap,0.9694303041672706
leaf107,uniform,8,400000,450000,f1,0.9874794147014618
leaf107,uniform,8,400000,450000,role_min_f1,0.9842723227858543
leaf107,uniform,8,400000,450000,train_nodes,40498.90868
leaf107,uniform,8,400000,450000,train_edges,541428.3599
leaf107,uniform,9,450000,500000,mean_wup,0.2503957832717896
leaf107,uniform,9,450000,500000,row_overlap,0.9696474025082589
leaf107,uniform,9,450000,500000,f1,0.9875724642658233
leaf107,uniform,9,450000,500000,role_min_f1,0.9843831972110272
leaf107,uniform,9,450000,500000,train_nodes,40505.1098
leaf107,uniform,9,450000,500000,train_edges,541549.11328
leaf107,uniform,10,500000,550000,mean_wup,0.2503689975988865
leaf107,uniform,10,500000,550000,row_overlap,0.9695216026186944
leaf107,uniform,10,500000,550000,f1,0.9875168648672104
leaf107,uniform,10,500000,550000,role_min_f1,0.9843181342828273
leaf107,uniform,10,500000,550000,train_nodes,40504.24332
leaf107,uniform,10,500000,550000,train_edges,541583.33114
leaf107,uniform,11,550000,600000,mean_wup,0.2503106711795926
leaf107,uniform,11,550000,600000,row_overlap,0.969813401453495
leaf107,uniform,11,550000,600000,f1,0.9876440044224262
leaf107,uniform,11,550000,600000,role_min_f1,0.9844606337296963
leaf107,uniform,11,550000,600000,train_nodes,40516.6322
leaf107,uniform,11,550000,600000,train_edges,541800.37522
leaf107,uniform,12,600000,650000,mean_wup,0.250377668325901
leaf107,uniform,12,600000,650000,row_overlap,0.9694951417922973
leaf107,uniform,12,600000,650000,f1,0.9875041493308544
leaf107,uniform,12,600000,650000,role_min_f1,0.9842968523037433
leaf107,uniform,12,600000,650000,train_nodes,40496.46632
leaf107,uniform,12,600000,650000,train_edges,541405.26908
leaf107,uniform,13,650000,700000,mean_wup,0.25033206563800575
leaf107,uniform,13,650000,700000,row_overlap,0.9696669910895824
leaf107,uniform,13,650000,700000,f1,0.9875894053077697
leaf107,uniform,13,650000,700000,role_min_f1,0.9843967107343674
leaf107,uniform,13,650000,700000,train_nodes,40516.6754
leaf107,uniform,13,650000,700000,train_edges,541805.0882
leaf107,uniform,14,700000,750000,mean_wup,0.25044825658231973
leaf107,uniform,14,700000,750000,row_overlap,0.9697323684716225
leaf107,uniform,14,700000,750000,f1,0.987613328191042
leaf107,uniform,14,700000,750000,role_min_f1,0.9844248886299133
leaf107,uniform,14,700000,750000,train_nodes,40521.3364
leaf107,uniform,14,700000,750000,train_edges,541902.33096
leaf107,uniform,15,750000,800000,mean_wup,0.2502918548905849
leaf107,uniform,15,750000,800000,row_overlap,0.9695847310972213
leaf107,uniform,15,750000,800000,f1,0.9875427875947952
leaf107,uniform,15,750000,800000,role_min_f1,0.9843296569514275
leaf107,uniform,15,750000,800000,train_nodes,40507.8137
leaf107,uniform,15,750000,800000,train_edges,541606.4262
leaf107,uniform,16,800000,850000,mean_wup,0.2503333333045244
leaf107,uniform,16,800000,850000,row_overlap,0.9696315942513942
leaf107,uniform,16,800000,850000,f1,0.9875677613997459
leaf107,uniform,16,800000,850000,role_min_f1,0.9843679784107209
leaf107,uniform,16,800000,850000,train_nodes,40511.68372
leaf107,uniform,16,800000,850000,train_edges,541684.12474
leaf107,uniform,17,850000,900000,mean_wup,0.2502563519114256
leaf107,uniform,17,850000,900000,row_overlap,0.9696409139192105
leaf107,uniform,17,850000,900000,f1,0.9875677955830097
leaf107,uniform,17,850000,900000,role_min_f1,0.9843658045816421
leaf107,uniform,17,850000,900000,train_nodes,40507.7546
leaf107,uniform,17,850000,900000,train_edges,541623.43618
leaf107,uniform,18,900000,950000,mean_wup,0.2504327232855558
leaf107,uniform,18,900000,950000,row_overlap,0.9695677130138874
leaf107,uniform,18,900000,950000,f1,0.9875391171467304
leaf107,uniform,18,900000,950000,role_min_f1,0.9843405025064945
leaf107,uniform,18,900000,950000,train_nodes,40499.05812
leaf107,uniform,18,900000,950000,train_edges,541457.03912
leaf107,uniform,19,950000,1000000,mean_wup,0.25031504843860863
leaf107,uniform,19,950000,1000000,row_overlap,0.9695569057905674
leaf107,uniform,19,950000,1000000,f1,0.987542895731926
leaf107,uniform,19,950000,1000000,role_min_f1,0.9843234546029568
leaf107,uniform,19,950000,1000000,train_nodes,40508.65958
leaf107,uniform,19,950000,1000000,train_edges,541632.68886
leaf107,matched_stratified,0,0,50000,mean_wup,0.23378263678729533
leaf107,matched_stratified,0,0,50000,row_overlap,0.9756335618686676
leaf107,matched_stratified,0,0,50000,f1,0.9901769459402561
leaf107,matched_stratified,0,0,50000,role_min_f1,0.9878043423652649
leaf107,matched_stratified,0,0,50000,train_nodes,41747.8646
leaf107,matched_stratified,0,0,50000,train_edges,567085.6819
leaf107,matched_stratified,1,50000,100000,mean_wup,0.23371054181158543
leaf107,matched_stratified,1,50000,100000,row_overlap,0.9757029655826092
leaf107,matched_stratified,1,50000,100000,f1,0.9902057672727108
leaf107,matched_stratified,1,50000,100000,role_min_f1,0.9878489504694938
leaf107,matched_stratified,1,50000,100000,train_nodes,41752.57216
leaf107,matched_stratified,1,50000,100000,train_edges,567205.06184
leaf107,matched_stratified,2,100000,150000,mean_wup,0.23371067496180534
leaf107,matched_stratified,2,100000,150000,row_overlap,0.9756439000737667
leaf107,matched_stratified,2,100000,150000,f1,0.9901846866428852
leaf107,matched_stratified,2,100000,150000,role_min_f1,0.9878227084219455
leaf107,matched_stratified,2,100000,150000,train_nodes,41749.32156
leaf107,matched_stratified,2,100000,150000,train_edges,567155.4766
leaf107,matched_stratified,3,150000,200000,mean_wup,0.23368437876760959
leaf107,matched_stratified,3,150000,200000,row_overlap,0.9755916543722153
leaf107,matched_stratified,3,150000,200000,f1,0.9901595746147632
leaf107,matched_stratified,3,150000,200000,role_min_f1,0.9877957037997246
leaf107,matched_stratified,3,150000,200000,train_nodes,41748.2292
leaf107,matched_stratified,3,150000,200000,train_edges,567133.92916
leaf107,matched_stratified,4,200000,250000,mean_wup,0.23355945187568664
leaf107,matched_stratified,4,200000,250000,row_overlap,0.9756201709198952
leaf107,matched_stratified,4,200000,250000,f1,0.990177978374958
leaf107,matched_stratified,4,200000,250000,role_min_f1,0.9878015912926197
leaf107,matched_stratified,4,200000,250000,train_nodes,41745.93926
leaf107,matched_stratified,4,200000,250000,train_edges,567073.67748
leaf107,matched_stratified,5,250000,300000,mean_wup,0.23357513527691365
leaf107,matched_stratified,5,250000,300000,row_overlap,0.975551091697216
leaf107,matched_stratified,5,250000,300000,f1,0.9901458511435985
leaf107,matched_stratified,5,250000,300000,role_min_f1,0.9877693298113346
leaf107,matched_stratified,5,250000,300000,train_nodes,41744.20046
leaf107,matched_stratified,5,250000,300000,train_edges,567054.82966
leaf107,matched_stratified,6,300000,350000,mean_wup,0.2337541197118163
leaf107,matched_stratified,6,300000,350000,row_overlap,0.9757137152945995
leaf107,matched_stratified,6,300000,350000,f1,0.9902046025693416
leaf107,matched_stratified,6,300000,350000,role_min_f1,0.9878505152606964
leaf107,matched_stratified,6,300000,350000,train_nodes,41752.33016
leaf107,matched_stratified,6,300000,350000,train_edges,567183.55894
leaf107,matched_stratified,7,350000,400000,mean_wup,0.23369698088139296
leaf107,matched_stratified,7,350000,400000,row_overlap,0.975592481470108
leaf107,matched_stratified,7,350000,400000,f1,0.99015981133461
leaf107,matched_stratified,7,350000,400000,role_min_f1,0.987791396958828
leaf107,matched_stratified,7,350000,400000,train_nodes,41748.7986
leaf107,matched_stratified,7,350000,400000,train_edges,567134.72408
leaf107,matched_stratified,8,400000,450000,mean_wup,0.23367708642184734
leaf107,matched_stratified,8,400000,450000,row_overlap,0.9756500388646125
leaf107,matched_stratified,8,400000,450000,f1,0.9901773587429523
leaf107,matched_stratified,8,400000,450000,role_min_f1,0.9878118139696122
leaf107,matched_stratified,8,400000,450000,train_nodes,41749.16882
leaf107,matched_stratified,8,400000,450000,train_edges,567152.88906
leaf107,matched_stratified,9,450000,500000,mean_wup,0.2337276183718443
leaf107,matched_stratified,9,450000,500000,row_overlap,0.9756173626029492
leaf107,matched_stratified,9,450000,500000,f1,0.9901635881698132
leaf107,matched_stratified,9,450000,500000,role_min_f1,0.9878097080969811
leaf107,matched_stratified,9,450000,500000,train_nodes,41751.4607
leaf107,matched_stratified,9,450000,500000,train_edges,567165.39428
leaf107,matched_stratified,10,500000,550000,mean_wup,0.23372194443255662
leaf107,matched_stratified,10,500000,550000,row_overlap,0.975585567073822
leaf107,matched_stratified,10,500000,550000,f1,0.9901554736328125
leaf107,matched_stratified,10,500000,550000,role_min_f1,0.987785831180811
leaf107,matched_stratified,10,500000,550000,train_nodes,41749.81238
leaf107,matched_stratified,10,500000,550000,train_edges,567186.83974
leaf107,matched_stratified,11,550000,600000,mean_wup,0.23374283442258834
leaf107,matched_stratified,11,550000,600000,row_overlap,0.9756719762325287
leaf107,matched_stratified,11,550000,600000,f1,0.9901880527198315
leaf107,matched_stratified,11,550000,600000,role_min_f1,0.987832222198248
leaf107,matched_stratified,11,550000,600000,train_nodes,41752.538
leaf107,matched_stratified,11,550000,600000,train_edges,567207.96582
leaf107,matched_stratified,12,600000,650000,mean_wup,0.23364668652653695
leaf107,matched_stratified,12,600000,650000,row_overlap,0.9755969114935398
leaf107,matched_stratified,12,600000,650000,f1,0.9901569557392598
leaf107,matched_stratified,12,600000,650000,role_min_f1,0.9877884778416157
leaf107,matched_stratified,12,600000,650000,train_nodes,41750.0951
leaf107,matched_stratified,12,600000,650000,train_edges,567154.24354
leaf107,matched_stratified,13,650000,700000,mean_wup,0.23372086277961732
leaf107,matched_stratified,13,650000,700000,row_overlap,0.9756328873872757
leaf107,matched_stratified,13,650000,700000,f1,0.9901787718141078
leaf107,matched_stratified,13,650000,700000,role_min_f1,0.987802931150198
leaf107,matched_stratified,13,650000,700000,train_nodes,41745.27214
leaf107,matched_stratified,13,650000,700000,train_edges,567092.1195
leaf107,matched_stratified,14,700000,750000,mean_wup,0.23364701298356055
leaf107,matched_stratified,14,700000,750000,row_overlap,0.9756804498958588
leaf107,matched_stratified,14,700000,750000,f1,0.9902015184652805
leaf107,matched_stratified,14,700000,750000,role_min_f1,0.9878362253415585
leaf107,matched_stratified,14,700000,750000,train_nodes,41748.03024
leaf107,matched_stratified,14,700000,750000,train_edges,567138.8332
leaf107,matched_stratified,15,750000,800000,mean_wup,0.2336555932098627
leaf107,matched_stratified,15,750000,800000,row_overlap,0.9757006570410729
leaf107,matched_stratified,15,750000,800000,f1,0.9902010541331768
leaf107,matched_stratified,15,750000,800000,role_min_f1,0.9878306894922256
leaf107,matched_stratified,15,750000,800000,train_nodes,41751.44708
leaf107,matched_stratified,15,750000,800000,train_edges,567210.8793
leaf107,matched_stratified,16,800000,850000,mean_wup,0.23372423881053925
leaf107,matched_stratified,16,800000,850000,row_overlap,0.975617561365366
leaf107,matched_stratified,16,800000,850000,f1,0.9901659487760067
leaf107,matched_stratified,16,800000,850000,role_min_f1,0.9878002306437492
leaf107,matched_stratified,16,800000,850000,train_nodes,41746.74586
leaf107,matched_stratified,16,800000,850000,train_edges,567100.7647
leaf107,matched_stratified,17,850000,900000,mean_wup,0.2337138097000122
leaf107,matched_stratified,17,850000,900000,row_overlap,0.9756493723368644
leaf107,matched_stratified,17,850000,900000,f1,0.9901818074393273
leaf107,matched_stratified,17,850000,900000,role_min_f1,0.9878119513368606
leaf107,matched_stratified,17,850000,900000,train_nodes,41751.00422
leaf107,matched_stratified,17,850000,900000,train_edges,567172.0269
leaf107,matched_stratified,18,900000,950000,mean_wup,0.23375251883208753
leaf107,matched_stratified,18,900000,950000,row_overlap,0.975604885263443
leaf107,matched_stratified,18,900000,950000,f1,0.9901681185495853
leaf107,matched_stratified,18,900000,950000,role_min_f1,0.9878094651663304
leaf107,matched_stratified,18,900000,950000,train_nodes,41745.59516
leaf107,matched_stratified,18,900000,950000,train_edges,567072.61132
leaf107,matched_stratified,19,950000,1000000,mean_wup,0.2336583865186572
leaf107,matched_stratified,19,950000,1000000,row_overlap,0.975629637658596
leaf107,matched_stratified,19,950000,1000000,f1,0.9901763889169694
leaf107,matched_stratified,19,950000,1000000,role_min_f1,0.9878158861243724
leaf107,matched_stratified,19,950000,1000000,train_nodes,41750.37576
leaf107,matched_stratified,19,950000,1000000,train_edges,567157.1282
