record_type,artifact_name,local_path,local_status,origin_in_this_run,analysis_role,used_by,direct_or_canonical_source_url,source_page_url,url_status,retrieval_status,retrieved_at_utc,size_bytes,sha256,parent_or_derivation,notes
actual_input,graphsage_ppi.zip,/mnt/data/graphsage_ppi.zip,present,user_upload,primary dataset under investigation,run_core_verification.py,https://snap.stanford.edu/graphsage/ppi.zip,https://snap.stanford.edu/graphsage/,official_or_canonical_url_recorded,supplied_by_user; not downloaded by corrected run,,27029260,53aeb76e54fd41b645e7edb48b62929240b89839495396b048086fd212503fbd,,Official GraphSAGE project page links this preprocessed PPI archive.
actual_input,dgl_ppi.zip,/mnt/data/dgl_ppi.zip,present,user_upload,downstream DGL dataset to reproduce,run_core_verification.py,https://data.dgl.ai/dataset/ppi.zip,https://github.com/dmlc/dgl/blob/master/python/dgl/data/ppi.py,official_or_canonical_url_recorded,supplied_by_user; not downloaded by corrected run,,7088822,1f5b2b09ac0f897fa6aa1338c64ab75a5473674cbba89380120bede8cddb2a6a,,Direct URL used by the DGL dataset loader; supplied archive was hash-checked locally.
actual_input,bio-tissue-networks.tar.gz,/mnt/data/bio-tissue-networks.tar.gz,present,user_upload,OhmNet tissue PPI source candidate,run_core_verification.py,https://snap.stanford.edu/ohmnet/bio-tissue-networks.tar.gz,https://snap.stanford.edu/ohmnet/,official_or_canonical_url_recorded,supplied_by_user; not downloaded by corrected run,,15568869,2c79e17f4a7c8680a7cbf8b20cef4acf356a7523c9a75fce586494153c0603d1,,Official OhmNet project download.
actual_input,bio-tissue-labels.tar.gz,/mnt/data/bio-tissue-labels.tar.gz,present,user_upload,OhmNet tissue-specific GO labels,run_local_label_source_screen.py,https://snap.stanford.edu/ohmnet/bio-tissue-labels.tar.gz,https://snap.stanford.edu/ohmnet/,official_or_canonical_url_recorded,supplied_by_user; not downloaded by corrected run,,1793328,6abf272940d2407849bd779e5f85c0377a2fb07c2351d1ebc82e3d06a46bc11d,,Official OhmNet project download.
actual_input,bio-tissue-hierarchy.tar.gz,/mnt/data/bio-tissue-hierarchy.tar.gz,present,user_upload,OhmNet tissue hierarchy; retained for later work,not used in current numeric checks,https://snap.stanford.edu/ohmnet/bio-tissue-hierarchy.tar.gz,https://snap.stanford.edu/ohmnet/,official_or_canonical_url_recorded,supplied_by_user; not downloaded by corrected run,,421785,c4568a68bb83319bff854eecf73a93f698fe2c41ed6e95639af974dd024ffef7,,Official OhmNet project download.
actual_input,bio-tissue-readme.txt,/mnt/data/bio-tissue-readme.txt,present,user_upload,OhmNet data documentation,report documentation,https://snap.stanford.edu/ohmnet/bio-tissue-readme.txt,https://snap.stanford.edu/ohmnet/,official_or_canonical_url_recorded,supplied_by_user; not downloaded by corrected run,,1465,7f3372f8ae3a90852951c73b18980386ceb4ad2f5d32d81366adf22fd75e2b20,,States Entrez Gene IDs and August-September 2016 collection date.
actual_input,msigdb_v5.1_files_to_download_locally.zip,/mnt/data/msigdb_v5.1_files_to_download_locally.zip,present,user_upload,historical MSigDB comparison,run_local_label_source_screen.py,https://www.gsea-msigdb.org/gsea/downloads.jsp,https://www.gsea-msigdb.org/gsea/downloads.jsp,official_source_page; authenticated direct URL unavailable,supplied_by_user; not downloaded by corrected run,,69702250,5a8b3f10ea92f8e71eaaa0705ab9d3a5229d838864eec9699544b75884bc9e29,,MSigDB direct archive links require an authenticated account; the official download page is recorded instead.
actual_input,msigdb_v5.2_files_to_download_locally.zip,/mnt/data/msigdb_v5.2_files_to_download_locally.zip,present,user_upload,feature recovery and historical label comparison,run_core_verification.py; run_local_label_source_screen.py,https://www.gsea-msigdb.org/gsea/downloads.jsp,https://www.gsea-msigdb.org/gsea/downloads.jsp,official_source_page; authenticated direct URL unavailable,supplied_by_user; not downloaded by corrected run,,92768160,a618c1c60b11570036034e6357e73e80ee43065ec7a57c1dbd238f205405fbdb,,MSigDB direct archive links require an authenticated account; archive version and hash identify the supplied bytes.
actual_input,msigdb_v5.2_chip_files_to_download_locally.zip,/mnt/data/msigdb_v5.2_chip_files_to_download_locally.zip,present,user_upload,historical chip mappings; retained for later GO work,not used in current numeric checks,https://www.gsea-msigdb.org/gsea/downloads.jsp,https://www.gsea-msigdb.org/gsea/downloads.jsp,official_source_page; authenticated direct URL unavailable,supplied_by_user; not downloaded by corrected run,,67891640,252befc853b5e01cfe99439ec50a7ab8de747cd0abe6224a93077f2d9b0b20fc,,MSigDB authenticated download.
actual_input,msigdb_v6.0_files_to_download_locally.zip,/mnt/data/msigdb_v6.0_files_to_download_locally.zip,present,user_upload,later MSigDB comparison,run_local_label_source_screen.py,https://www.gsea-msigdb.org/gsea/downloads.jsp,https://www.gsea-msigdb.org/gsea/downloads.jsp,official_source_page; authenticated direct URL unavailable,supplied_by_user; not downloaded by corrected run,,72144318,39fa82c4cedc9183c532afb1c1431683536b5945e50fb8be4f5bcce3ac136edf,,MSigDB authenticated download.
actual_input,Greene2015.pdf,/mnt/data/Greene2015.pdf,present,user_upload,Greene et al. manuscript,documentary verification,https://doi.org/10.1038/ng.3259,https://www.nature.com/articles/ng.3259,official_or_canonical_url_recorded,supplied_by_user; not downloaded by corrected run,,1729378,15c734d37bf63dc586d9bfb95673612209a2f2d298a0a1dc84fa63a1d7a17ce2,,User-supplied publisher PDF.
actual_input,Greene2015_sup.pdf,/mnt/data/Greene2015_sup.pdf,present,user_upload,Greene et al. supplementary information,documentary verification,https://www.nature.com/articles/ng.3259#Sec23,https://www.nature.com/articles/ng.3259,official_or_canonical_url_recorded,supplied_by_user; not downloaded by corrected run,,6701167,89e84c545590a3d34890f24cf6543a336b59cace8926a83701f503afcd979ed9,,User-supplied supplementary PDF; source page recorded because publisher asset URLs may change.
actual_input,Greene2015_Table6.xlsx,/mnt/data/Greene2015_Table6.xlsx,present,user_upload,expert-curated GO term list,run_local_label_source_screen.py,https://www.nature.com/articles/ng.3259#Sec23,https://www.nature.com/articles/ng.3259,official_or_canonical_url_recorded,supplied_by_user; not downloaded by corrected run,,37992,691b9d895ac6d0f6ed7abedb96d9b206965fe221e3ccdae940b4daa5db50533e,,Supplementary Table 6; 973 GO IDs after parsing.
actual_input,Greene2015_Table9.xlsx,/mnt/data/Greene2015_Table9.xlsx,present,user_upload,GO-to-tissue mapping,run_local_label_source_screen.py,https://www.nature.com/articles/ng.3259#Sec23,https://www.nature.com/articles/ng.3259,official_or_canonical_url_recorded,supplied_by_user; not downloaded by corrected run,,140272,18ae68f28d9b84f4b1cb7f7c7c1cc8eb76716414de2089a329f070a5aeca6cd5,,"Supplementary Table 9; 6,172 unique GO IDs after parsing."
actual_input,OhmNet.pdf,/mnt/data/OhmNet.pdf,present,user_upload,OhmNet manuscript,documentary verification,https://doi.org/10.1093/bioinformatics/btx252,https://academic.oup.com/bioinformatics/article/33/14/i190/3953967,official_or_canonical_url_recorded,supplied_by_user; not downloaded by corrected run,,1458562,e60daf8341d0e322ce58e7c6ad194f7e4b573df7c8aba1716ad78c98992b02fe,,User-supplied manuscript PDF.
actual_input,investigation_summary_2026_08_23.md,/mnt/data/investigation_summary_2026_08_23.md,present,user_upload,prior hypotheses to independently test,hypothesis list only; never used as mapping input,,,no_external_url_supplied,supplied_by_user; not downloaded by corrected run,,13819,fe23f5d35c1c3a21bba13c2241e0c8c783c31a0a31026c8e5f1c0d7a8c320d16,,No external URL was supplied.
actual_input,Pasted markdown(1).md,/mnt/data/Pasted markdown(1).md,present,user_upload,copied EBI GOA archive listing,historical source discovery only,https://ftp.ebi.ac.uk/pub/databases/GO/goa/old/HUMAN/,https://ftp.ebi.ac.uk/pub/databases/GO/goa/old/HUMAN/,official_or_canonical_url_recorded,supplied_by_user; not downloaded by corrected run,,237584,f856e6f29f02a17c83650724f2b8434383dc7952c03e5200d4bb9c47c1c8782e,,"Local file is a pasted listing, not an archive data file."
actual_input,historical_go_mapping_inventory.md,/mnt/data/historical_go_mapping_inventory.md,present,user_upload,prior source-discovery inventory,historical source discovery only,,,derived_local_artifact,supplied_by_user; not downloaded by corrected run,,55969,ad10c6ed2919409a3dda0f2e89f4a5f7709cb739f9e3129297b1fa9f497f4b0c,,Generated in an earlier turn; individual underlying URLs are represented below.
actual_input,goa_human.gaf.159.gz,/mnt/data/goa_human.gaf.159.gz,present_at_B101_analysis_time; conversation_copy_deletion_clearance_issued,user_upload_B101,historical GOA GAF annotation input,analyze_B101_goa159.py,https://ftp.ebi.ac.uk/pub/databases/GO/goa/old/HUMAN/goa_human.gaf.159.gz,https://ftp.ebi.ac.uk/pub/databases/GO/goa/old/HUMAN/,official_EBI_GOA_archive_exact_filename,supplied_by_user; size and SHA-256 matched pre-upload B000 inventory,2026-08-27T15:27:36.842353+00:00,4890788,b098509f9ce70fbe7e93e7fabb3c8a767b8201fe25662ff6a57959d6cee43838,local_upload_inventory_20260827T145903Z.csv,"Batch B101 fully analyzed; normalized row-preserving derivative retained; deletion clearance applies only to the conversation attachment, not the user local master."
actual_input,goa_human.gpa.159.gz,/mnt/data/goa_human.gpa.159.gz,present_at_B101_analysis_time; conversation_copy_deletion_clearance_issued,user_upload_B101,historical GOA GPAD annotation input,analyze_B101_goa159.py,https://ftp.ebi.ac.uk/pub/databases/GO/goa/old/HUMAN/goa_human.gpa.159.gz,https://ftp.ebi.ac.uk/pub/databases/GO/goa/old/HUMAN/,official_EBI_GOA_archive_exact_filename,supplied_by_user; size and SHA-256 matched pre-upload B000 inventory,2026-08-27T15:27:36.842353+00:00,3665510,dbe9073e726e804f51b0fe80ecd2897798f22a558e75aeb1c8bfc229357b574a,local_upload_inventory_20260827T145903Z.csv,"Batch B101 fully analyzed; normalized row-preserving derivative retained; deletion clearance applies only to the conversation attachment, not the user local master."
actual_input,goa_human.gpi.159.gz,/mnt/data/goa_human.gpi.159.gz,present_at_B101_analysis_time; conversation_copy_deletion_clearance_issued,user_upload_B101,historical GOA GPI object metadata input,analyze_B101_goa159.py,https://ftp.ebi.ac.uk/pub/databases/GO/goa/old/HUMAN/goa_human.gpi.159.gz,https://ftp.ebi.ac.uk/pub/databases/GO/goa/old/HUMAN/,official_EBI_GOA_archive_exact_filename,supplied_by_user; size and SHA-256 matched pre-upload B000 inventory,2026-08-27T15:27:36.842353+00:00,602689,f783a8c71c464b3b98673eb4dc0ae836ad61bd6c72415ae62828d20d0e735612,local_upload_inventory_20260827T145903Z.csv,"Batch B101 fully analyzed; normalized row-preserving derivative retained; deletion clearance applies only to the conversation attachment, not the user local master."
