kendall_tau,kendall_p,pairwise_concordance,lcs,exact_positions,exact_prefix,duplicate_flips,model,filter,row_order,ancestor_order,unique_keys,table_size,direct_term_count
0.7661157024793387,1.2260029649722576e-35,0.8830578512396694,94,13,5,001,first_direct_occurrence_then_ancestors,exact_historical_mapped_accessions,date_accession_GO,sorted_asc,13302,32768,9031
0.7661157024793387,1.2260029649722576e-35,0.8830578512396694,94,13,5,001,first_direct_occurrence_then_ancestors,exact_historical_mapped_accessions,date_accession_GO,dfs_pre_obo,13302,32768,9031
0.7661157024793387,1.2260029649722576e-35,0.8830578512396694,94,13,5,001,first_direct_occurrence_then_ancestors,exact_historical_mapped_accessions,date_accession_GO,py2_hash_container_proxy,13302,32768,9031
0.7661157024793387,1.2260029649722576e-35,0.8830578512396694,94,13,5,001,first_direct_occurrence_then_ancestors,exact_historical_mapped_accessions,date_accession_GO,hash_low15,13302,32768,9031
0.7721763085399448,3.5446432238783906e-36,0.8860881542699723,92,6,5,001,first_direct_occurrence_then_ancestors,exact_all_accessions,source,sorted_asc,16357,32768,11939
0.7721763085399448,3.5446432238783906e-36,0.8860881542699723,92,6,5,001,first_direct_occurrence_then_ancestors,exact_all_accessions,source,py2_hash_container_proxy,16357,32768,11939
0.7721763085399448,3.5446432238783906e-36,0.8860881542699723,92,6,5,001,first_direct_occurrence_then_ancestors,exact_all_accessions,source,hash_low15,16357,32768,11939
0.7336088154269972,8.081600063447693e-33,0.8668044077134986,92,12,5,001,first_direct_occurrence_then_ancestors,exact_all_accessions,date_accession_GO,sorted_asc,16357,32768,11939
0.7336088154269972,8.081600063447693e-33,0.8668044077134986,92,12,5,001,first_direct_occurrence_then_ancestors,exact_all_accessions,date_accession_GO,dfs_pre_obo,16357,32768,11939
0.7336088154269972,8.081600063447693e-33,0.8668044077134986,92,12,5,001,first_direct_occurrence_then_ancestors,exact_all_accessions,date_accession_GO,py2_hash_container_proxy,16357,32768,11939
0.7336088154269972,8.081600063447693e-33,0.8668044077134986,92,12,5,001,first_direct_occurrence_then_ancestors,exact_all_accessions,date_accession_GO,hash_low15,16357,32768,11939
0.7556473829201101,1.0220547071782967e-34,0.877823691460055,91,11,3,001,first_direct_occurrence_then_ancestors,exact_all_accessions,source,dfs_pre_obo,16357,32768,11939
0.6798898071625343,2.0034627049131675e-28,0.8399449035812672,88,7,5,001,first_direct_occurrence_then_ancestors,exact_all_accessions,GO_accession,sorted_asc,16357,32768,11939
0.6798898071625343,2.0034627049131675e-28,0.8399449035812672,88,7,5,001,first_direct_occurrence_then_ancestors,exact_all_accessions,GO_accession,dfs_pre_obo,16357,32768,11939
0.6798898071625343,2.0034627049131675e-28,0.8399449035812672,88,7,5,001,first_direct_occurrence_then_ancestors,exact_all_accessions,GO_accession,py2_hash_container_proxy,16357,32768,11939
0.6798898071625343,2.0034627049131675e-28,0.8399449035812672,88,7,5,001,first_direct_occurrence_then_ancestors,exact_all_accessions,GO_accession,hash_low15,16357,32768,11939
0.7066115702479339,1.4356427374560125e-30,0.8533057851239669,87,9,3,001,first_direct_occurrence_then_ancestors,all_evidence_default_rel,GeneID_GO,sorted_asc,20449,32768,16457
0.7066115702479339,1.4356427374560125e-30,0.8533057851239669,87,9,3,001,first_direct_occurrence_then_ancestors,all_evidence_default_rel,GeneID_GO,py2_hash_container_proxy,20449,32768,16457
0.762258953168044,2.6869306429195177e-35,0.8811294765840221,86,10,5,001,first_direct_occurrence_then_ancestors,exact_historical_mapped_accessions,source,sorted_asc,13302,32768,9031
0.762258953168044,2.6869306429195177e-35,0.8811294765840221,86,10,5,001,first_direct_occurrence_then_ancestors,exact_historical_mapped_accessions,source,dfs_pre_obo,13302,32768,9031
0.762258953168044,2.6869306429195177e-35,0.8811294765840221,86,10,5,001,first_direct_occurrence_then_ancestors,exact_historical_mapped_accessions,source,py2_hash_container_proxy,13302,32768,9031
0.762258953168044,2.6869306429195177e-35,0.8811294765840221,86,10,5,001,first_direct_occurrence_then_ancestors,exact_historical_mapped_accessions,source,hash_low15,13302,32768,9031
0.6928374655647382,1.873903755002538e-29,0.8464187327823691,86,6,3,001,first_direct_occurrence_then_ancestors,all_evidence_default_rel,GeneID_GO,dfs_pre_obo,20449,32768,16457
0.6928374655647382,1.873903755002538e-29,0.8464187327823691,86,6,3,001,first_direct_occurrence_then_ancestors,all_evidence_default_rel,GeneID_GO,hash_low15,20449,32768,16457
0.6614325068870522,5.4408455618756466e-27,0.8307162534435262,86,9,3,001,first_direct_occurrence_then_ancestors,exact_historical_mapped_accessions,GO_accession,sorted_asc,13302,32768,9031
0.6614325068870522,5.4408455618756466e-27,0.8307162534435262,86,9,3,001,first_direct_occurrence_then_ancestors,exact_historical_mapped_accessions,GO_accession,dfs_pre_obo,13302,32768,9031
0.6614325068870522,5.4408455618756466e-27,0.8307162534435262,86,9,3,001,first_direct_occurrence_then_ancestors,exact_historical_mapped_accessions,GO_accession,py2_hash_container_proxy,13302,32768,9031
0.6614325068870522,5.4408455618756466e-27,0.8307162534435262,86,9,3,001,first_direct_occurrence_then_ancestors,exact_historical_mapped_accessions,GO_accession,hash_low15,13302,32768,9031
0.6471074380165288,6.634034265007721e-26,0.8235537190082645,86,9,5,001,first_direct_occurrence_then_ancestors,all_evidence_default_rel,GO_accession,sorted_asc,20449,32768,16457
0.6471074380165288,6.634034265007721e-26,0.8235537190082645,86,9,5,001,first_direct_occurrence_then_ancestors,all_evidence_default_rel,GO_accession,dfs_pre_obo,20449,32768,16457
0.6471074380165288,6.634034265007721e-26,0.8235537190082645,86,9,5,001,first_direct_occurrence_then_ancestors,all_evidence_default_rel,GO_accession,py2_hash_container_proxy,20449,32768,16457
0.6471074380165288,6.634034265007721e-26,0.8235537190082645,86,9,5,001,first_direct_occurrence_then_ancestors,all_evidence_default_rel,GO_accession,hash_low15,20449,32768,16457
0.7195592286501377,1.2261888130713202e-31,0.8597796143250689,85,11,3,001,first_direct_occurrence_then_ancestors,exact_all_accessions,GeneID_GO,sorted_asc,16357,32768,11939
0.7195592286501377,1.2261888130713202e-31,0.8597796143250689,85,11,3,001,first_direct_occurrence_then_ancestors,exact_all_accessions,GeneID_GO,dfs_pre_obo,16357,32768,11939
0.7195592286501377,1.2261888130713202e-31,0.8597796143250689,85,11,3,001,first_direct_occurrence_then_ancestors,exact_all_accessions,GeneID_GO,py2_hash_container_proxy,16357,32768,11939
0.7195592286501377,1.2261888130713202e-31,0.8597796143250689,85,11,3,001,first_direct_occurrence_then_ancestors,exact_all_accessions,GeneID_GO,hash_low15,16357,32768,11939
0.7195592286501377,1.2261888130713202e-31,0.8597796143250689,85,11,3,001,first_direct_occurrence_then_ancestors,exact_historical_mapped_accessions,GeneID_GO,sorted_asc,13302,32768,9031
0.7195592286501377,1.2261888130713202e-31,0.8597796143250689,85,11,3,001,first_direct_occurrence_then_ancestors,exact_historical_mapped_accessions,GeneID_GO,dfs_pre_obo,13302,32768,9031
0.7195592286501377,1.2261888130713202e-31,0.8597796143250689,85,11,3,001,first_direct_occurrence_then_ancestors,exact_historical_mapped_accessions,GeneID_GO,py2_hash_container_proxy,13302,32768,9031
0.7195592286501377,1.2261888130713202e-31,0.8597796143250689,85,11,3,001,first_direct_occurrence_then_ancestors,exact_historical_mapped_accessions,GeneID_GO,hash_low15,13302,32768,9031
0.6942148760330578,1.4526158154109782e-29,0.8471074380165289,84,8,3,001,first_direct_occurrence_then_ancestors,all_evidence_default_rel,source,sorted_asc,20449,32768,16457
0.6942148760330578,1.4526158154109782e-29,0.8471074380165289,84,8,3,001,first_direct_occurrence_then_ancestors,all_evidence_default_rel,source,dfs_pre_obo,20449,32768,16457
0.6942148760330578,1.4526158154109782e-29,0.8471074380165289,84,8,3,001,first_direct_occurrence_then_ancestors,all_evidence_default_rel,source,py2_hash_container_proxy,20449,32768,16457
0.6942148760330578,1.4526158154109782e-29,0.8471074380165289,84,8,3,001,first_direct_occurrence_then_ancestors,all_evidence_default_rel,source,hash_low15,20449,32768,16457
0.6691460055096418,1.3840541004178835e-27,0.8345730027548208,81,11,3,001,first_direct_occurrence_then_ancestors,all_evidence_default_rel,date_accession_GO,sorted_asc,20449,32768,16457
0.6691460055096418,1.3840541004178835e-27,0.8345730027548208,81,11,3,001,first_direct_occurrence_then_ancestors,all_evidence_default_rel,date_accession_GO,dfs_pre_obo,20449,32768,16457
0.6691460055096418,1.3840541004178835e-27,0.8345730027548208,81,11,3,001,first_direct_occurrence_then_ancestors,all_evidence_default_rel,date_accession_GO,py2_hash_container_proxy,20449,32768,16457
0.6691460055096418,1.3840541004178835e-27,0.8345730027548208,81,11,3,001,first_direct_occurrence_then_ancestors,all_evidence_default_rel,date_accession_GO,hash_low15,20449,32768,16457
